Emp Code,Full Name,Dept,Office,Joining Dt,Monthly Pay,Project Assigned,Reporting To,Employment Status,Performance %,Leave Balance,Remarks
EMP1204,Employee 1108,Legal,Hyderabad,2023-09-29,-₹110914.12,Zenith,MGR119,Active,,N/A,Transferred
EMP1534,Employee 1136,Marketing,Ahmedabad,2024-04-13,75836.37,Titan,MGR112,Active,64%,,Promotion Due
EMP1304,Employee 1256,Finance,Pune,2023-02-17,174825.42,Titan,MGR118,Active,78%,,Contract
EMP1082,Employee 432,IT,Bengaluru,Mar 22 2025,"₹165,826.45",Mercury,MGR104,Probation,89%,12,Remote
EMP1137,Employee 78,IT,Chennai,10-Jan-2022,"₹40,414.43",Apollo,MGR101,Probation,65,10,Contract
EMP1939,Employee 903,R&D,Delhi,Apr 03 2025,58173.87,Phoenix,MGR109,Resigned,89%,,
EMP1815,Employee 696,Sales,Chennai,Feb 10 2023,"₹58,612.71",Titan,MGR105,Probation,,,
EMP1814,Employee 793,Operations,Hyderabad,21/08/2023,64945.56,Zenith,MGR108,Resigned,68%,22,
EMP1117,Employee 480,IT,Pune,2022-10-29,"₹125,363.18",Phoenix,MGR110,Active,,25,
EMP1267,Employee 316,Marketing,Bengaluru,Nov 07 2023,"30,678",Phoenix,MGR115,Resigned,,4,
EMP1488,Employee 1292,Sales,Mumbai,19/05/2022,,Apollo,MGR113,Resigned,74,23,Promotion Due
EMP1242,Employee 820,IT,Ahmedabad,15-Sep-2023,142319.21,Titan,MGR108,Active,,N/A,Transferred
EMP1899,Employee 835,Sales,Mumbai,Mar 14 2022,57990.82,Titan,MGR116,Resigned,96%,,Promotion Due
EMP1475,Employee 1283,Marketing,Ahmedabad,21-Jul-2023,"₹159,154.86",Zenith,MGR106,Probation,84%,N/A,Remote
EMP1149,Employee 277,Legal,Chennai,2022-04-05,60793.98,Mercury,MGR100,Active,85,28,Transferred
EMP1474,Employee 973,HR,Ahmedabad,Sep 01 2023,"₹42,683.86",Mercury,MGR110,On Leave,55%,N/A,Transferred
EMP1885,Employee 393,HR,Mumbai,23/10/2022,"₹136,005.21",Apollo,MGR113,Probation,98,N/A,
EMP1456,Employee 357,IT,Chennai,14/11/2022,"₹55,144.47",Atlas,MGR115,On Leave,98%,9,Contract
EMP1854,Employee 328,HR,Hyderabad,11/10/2024,"₹178,747.48",Orion,MGR100,Active,68,29,Transferred
EMP1020,Employee 1171,Legal,Bengaluru,Dec 21 2022,"₹98,026.68",Orion,MGR101,Resigned,69%,,Remote
EMP1107,Employee 1221,HR,Delhi,Mar 02 2023,"₹177,901.81",Titan,MGR100,Resigned,84%,5,Contract
EMP1616,Employee 1147,R&D,Bengaluru,Feb 13 2024,"75,245",Phoenix,MGR104,Active,85%,6,Remote
EMP1945,Employee 1165,Marketing,Hyderabad,2023-02-01,"₹153,896.36",Atlas,MGR114,On Leave,,,
EMP1334,Employee 434,Marketing,Bengaluru,26-Jul-2024,"₹122,832.47",Zenith,MGR105,On Leave,83%,N/A,Remote
EMP1294,Employee 130,R&D,Pune,Dec 03 2024,"₹49,582.40",Atlas,MGR114,Active,84,N/A,Contract
EMP1731,Employee 806,Sales,Pune,2022-07-26,"107,679",Phoenix,MGR116,Active,,N/A,Contract
EMP1364,Employee 23,IT,Bengaluru,14-Sep-2023,"₹169,182.67",Apollo,MGR112,On Leave,,7,Transferred
EMP1260,Employee 460,R&D,Delhi,Jan 03 2022,"₹110,169.88",Mercury,MGR106,Resigned,58,18,Contract
EMP1815,Employee 696,Sales,Chennai,Feb 10 2023,"₹58,612.71",Titan,MGR105,Probation,,,
EMP1684,Employee 305,Marketing,Hyderabad,24/11/2022,"146,433",Apollo,MGR103,Probation,58,N/A,
EMP1672,Employee 408,Sales,Hyderabad,Sep 06 2024,"63,241",Zenith,MGR106,Probation,98%,,Promotion Due
EMP1258,Employee 1003,HR,Pune,May 19 2024,"40,743",Orion,MGR114,On Leave,79%,N/A,
EMP1321,Employee 1162,R&D,Delhi,2024-07-08,"₹119,810.41",Atlas,MGR109,On Leave,65%,18,Remote
EMP1304,Employee 537,Legal,Mumbai,Nov 24 2023,113814.68,Phoenix,MGR105,Resigned,95,N/A,
EMP1404,Employee 712,R&D,Mumbai,Mar 02 2023,"166,356",Phoenix,MGR116,Resigned,57%,9,Transferred
EMP1516,Employee 421,HR,Hyderabad,2022-07-24,45844.56,Zenith,MGR108,Probation,86%,28,Transferred
EMP1709,Employee 370,Operations,Pune,06-Aug-2022,"51,106",Phoenix,MGR103,Probation,56,,Transferred
EMP1267,Employee 600,Operations,Pune,2023-09-28,"139,286",Nova,MGR111,On Leave,,20,Contract
EMP1042,Employee 320,Sales,Chennai,25/03/2022,"122,917",Mercury,MGR105,Resigned,,N/A,Promotion Due
EMP1841,Employee 134,Marketing,Chennai,Sep 17 2023,"97,335",Mercury,MGR119,Active,83%,N/A,Transferred
EMP1955,Employee 657,R&D,Delhi,2024-02-15,"94,575",Atlas,MGR111,On Leave,94,,Remote
EMP1272,Employee 1277,Marketing,Pune,05/05/2024,"₹88,039.92",Zenith,MGR116,Active,100,N/A,Promotion Due
EMP1534,Employee 191,Sales,Mumbai,Feb 18 2023,"163,408",Atlas,MGR116,Resigned,74%,N/A,Remote
EMP1682,Employee 893,Sales,Bengaluru,Jul 14 2024,"₹141,552.17",Nova,MGR104,Probation,71,17,Promotion Due
EMP1475,Employee 1283,Marketing,Ahmedabad,21-Jul-2023,"₹159,154.86",Zenith,MGR106,Probation,84%,N/A,Remote
EMP1821,Employee 484,R&D,Bengaluru,29-Aug-2022,"79,274",Atlas,MGR104,Resigned,,,Remote
EMP1732,Employee 89,Operations,Ahmedabad,2024-04-17,80661.97,Apollo,MGR104,Probation,,N/A,Remote
EMP1513,Employee 283,Legal,Mumbai,03-Apr-2022,"82,241",Nova,MGR110,Probation,88,22,Remote
EMP1747,Employee 215,HR,Chennai,Mar 04 2023,"₹134,712.98",Zenith,MGR116,Probation,88%,,Remote
EMP1348,Employee 353,Finance,Mumbai,Mar 09 2023,102982.52,Titan,MGR101,On Leave,,,Transferred
EMP1531,Employee 439,Marketing,Delhi,14-Sep-2024,"43,616",Orion,MGR114,Resigned,,5,Remote
EMP1602,Employee 1232,HR,Pune,Apr 02 2022,80274.55,Nova,MGR103,Probation,74%,22,Promotion Due
EMP1539,Employee 1276,Sales,Pune,2022-08-04,"123,467",Apollo,MGR110,Resigned,62%,27,Contract
EMP1708,Employee 1111,R&D,Delhi,Feb 21 2022,31847.60,Nova,MGR103,Resigned,,1,Promotion Due
EMP1345,Employee 393,Finance,Chennai,Dec 04 2022,"₹37,533.67",Zenith,MGR119,Active,,N/A,Transferred
EMP1888,Employee 819,Sales,Delhi,2022-05-16,179144.03,Apollo,MGR100,On Leave,80%,N/A,Remote
EMP1824,Employee 772,Operations,Pune,21/02/2022,"₹61,458.26",Zenith,MGR114,On Leave,,,Remote
EMP1169,Employee 537,R&D,Mumbai,Jul 01 2022,37458.54,Zenith,MGR119,Resigned,90%,2,
EMP1509,Employee 835,HR,Delhi,2022-07-01,"26,039",Phoenix,MGR116,On Leave,55,0,Transferred
EMP1616,Employee 657,IT,Bengaluru,2024-11-12,-₹82419.27,Atlas,MGR109,On Leave,,N/A,Contract
EMP1882,Employee 355,IT,Mumbai,09-Jul-2024,"₹28,156.28",Orion,MGR106,On Leave,86%,,
EMP1894,Employee 854,IT,Ahmedabad,2024-01-26,"₹179,138.00",Phoenix,MGR105,On Leave,67,,
EMP1949,Employee 397,Sales,Ahmedabad,2024-01-30,65342.47,Mercury,MGR111,Probation,89%,N/A,
EMP1213,Employee 75,R&D,Chennai,28/04/2023,"61,040",Nova,MGR108,Active,89,N/A,Contract
EMP1919,Employee 594,Legal,Chennai,2025-03-31,"164,772",Zenith,MGR110,Active,55%,,Promotion Due
EMP1210,Employee 1224,Sales,Hyderabad,10/11/2024,"150,594",Zenith,MGR112,Active,58,7,Remote
EMP1676,Employee 166,IT,Delhi,08-Jan-2023,-₹151619.02,Zenith,MGR110,Resigned,99,N/A,Promotion Due
EMP1021,Employee 63,Operations,Ahmedabad,Aug 30 2023,"₹57,848.97",Orion,MGR104,Probation,83%,14,Remote
EMP1115,Employee 496,HR,Hyderabad,20/03/2025,"151,881",Titan,MGR104,Active,,,
EMP1418,Employee 425,R&D,Pune,Feb 25 2023,"137,769",Zenith,MGR104,Probation,100%,1,
EMP1761,Employee 601,IT,Ahmedabad,Aug 09 2022,"36,872",Nova,MGR100,On Leave,65%,,Promotion Due
EMP1293,Employee 542,Legal,Chennai,2022-09-30,"₹88,559.70",Titan,MGR112,Probation,73%,,
EMP1086,Employee 58,Operations,Hyderabad,08-Mar-2025,"135,333",Apollo,MGR105,On Leave,,N/A,Remote
EMP1089,Employee 1275,IT,Mumbai,2023-05-12,"₹27,345.26",Atlas,MGR105,On Leave,76,,Promotion Due
EMP1929,Employee 482,Finance,Delhi,18/04/2022,98214.32,Atlas,MGR104,Resigned,76,N/A,Transferred
EMP1420,Employee 884,Finance,Hyderabad,2023-07-26,31191.81,Atlas,MGR100,Active,80,11,
EMP1247,Employee 299,Marketing,Mumbai,11-May-2022,"₹159,089.46",Titan,MGR108,On Leave,,24,Promotion Due
EMP1653,Employee 987,Finance,Hyderabad,Mar 28 2024,54505.34,Phoenix,MGR114,On Leave,93,N/A,Promotion Due
EMP1072,Employee 33,Operations,Bengaluru,23/09/2023,"41,816",Titan,MGR107,Probation,60%,,Transferred
EMP1078,Employee 644,Legal,Bengaluru,29-Jul-2022,"₹34,392.51",Phoenix,MGR112,Resigned,75,,Remote
EMP1286,Employee 538,Sales,Pune,21-Feb-2025,"33,705",Orion,MGR118,Active,92,27,Contract
EMP1315,Employee 595,Operations,Delhi,03/05/2023,"91,569",Orion,MGR101,Probation,,,Contract
EMP1277,Employee 796,R&D,Ahmedabad,05-Oct-2024,"₹37,587.83",Zenith,MGR102,Probation,88,,
EMP1777,Employee 503,Marketing,Ahmedabad,Jan 24 2023,-₹37029.60,Atlas,MGR105,On Leave,76%,27,Transferred
EMP1647,Employee 552,Sales,Bengaluru,May 27 2024,"₹120,583.49",Orion,MGR101,Probation,,N/A,Transferred
EMP1613,Employee 814,HR,Mumbai,03-Jan-2025,32451.80,Nova,MGR100,Resigned,55%,,Contract
EMP1184,Employee 761,Marketing,Hyderabad,25-Jan-2025,"91,615",Mercury,MGR104,On Leave,97%,N/A,
EMP1224,Employee 864,Marketing,Hyderabad,10/03/2024,42426.85,Titan,MGR111,Probation,77,,Contract
EMP1679,Employee 1104,Legal,Mumbai,07-May-2022,"₹52,059.70",Nova,MGR113,On Leave,74%,,Transferred
EMP1621,Employee 583,Operations,Chennai,Mar 04 2023,"91,793",Apollo,MGR108,Probation,,9,Contract
EMP1294,Employee 458,Marketing,Delhi,03-May-2022,"92,908",Mercury,MGR102,Active,,3,
EMP1214,Employee 209,R&D,Pune,Apr 11 2025,"89,347",Titan,MGR100,Resigned,95,0,Promotion Due
EMP1035,Employee 458,Operations,Ahmedabad,May 07 2024,124046.46,Nova,MGR119,Probation,,9,
EMP1966,Employee 358,IT,Pune,26-Mar-2023,"98,768",Phoenix,MGR104,On Leave,,17,Transferred
EMP1654,Employee 450,HR,Hyderabad,2022-11-21,"54,554",Atlas,MGR119,Resigned,73,18,
EMP1783,Employee 1186,Operations,Delhi,31/08/2024,36140.18,Titan,MGR112,Resigned,58,8,Remote
EMP1947,Employee 1121,Sales,Chennai,2022-11-28,102299.19,Phoenix,MGR101,Probation,87,N/A,Transferred
EMP1514,Employee 473,Operations,Hyderabad,26-Apr-2022,"₹145,739.84",Orion,MGR117,Active,,25,Remote
EMP1686,Employee 1246,Legal,Pune,2024-01-27,176331.82,Titan,MGR101,Active,57,29,Promotion Due
EMP1440,Employee 1287,R&D,Bengaluru,2023-07-05,123437.54,Nova,MGR114,Probation,57,,Transferred
EMP1980,Employee 354,IT,Ahmedabad,11-Jan-2025,"145,914",Zenith,MGR117,Resigned,,,Transferred
EMP1340,Employee 373,Marketing,Ahmedabad,24-Sep-2023,100549.03,Atlas,MGR100,Resigned,69%,14,Remote
EMP1898,Employee 787,Legal,Ahmedabad,2023-10-17,"₹93,443.25",Apollo,MGR101,Active,88%,N/A,Transferred
EMP1668,Employee 680,R&D,Ahmedabad,2022-11-15,"₹90,356.95",Apollo,MGR114,Probation,,,Contract
EMP1523,Employee 735,Sales,Hyderabad,2022-06-13,"₹51,729.62",Zenith,MGR104,On Leave,59%,N/A,Remote
EMP1089,Employee 790,R&D,Chennai,Jan 03 2025,154400.55,Mercury,MGR111,Active,89,16,Contract
EMP1198,Employee 813,Finance,Bengaluru,27/06/2024,146560.27,Phoenix,MGR108,On Leave,96%,N/A,
EMP1722,Employee 1123,Marketing,Hyderabad,27-Mar-2025,"₹173,567.04",Zenith,MGR108,Probation,61,N/A,Transferred
EMP1024,Employee 795,IT,Hyderabad,03/09/2023,86294.11,Zenith,MGR117,On Leave,77%,N/A,
EMP1713,Employee 1002,HR,Pune,2025-03-21,"₹68,038.29",Phoenix,MGR101,On Leave,,16,Transferred
EMP1846,Employee 1269,IT,Chennai,Jan 18 2025,"₹111,207.81",Zenith,MGR112,Probation,,,Transferred
EMP1464,Employee 734,HR,Bengaluru,Mar 16 2022,"₹148,070.08",Mercury,MGR114,Resigned,71%,,Remote
EMP1347,Employee 270,Marketing,Mumbai,11/06/2022,131138.23,Zenith,MGR115,Active,83,N/A,Remote
EMP1286,Employee 489,Sales,Ahmedabad,09-Feb-2025,"93,229",Zenith,MGR117,Resigned,62%,12,Transferred
EMP1233,Employee 992,R&D,Delhi,21-Feb-2023,"168,608",Apollo,MGR119,Probation,71,,Remote
EMP1663,Employee 368,Legal,Pune,10-Sep-2024,"80,127",Phoenix,MGR105,Active,,,
EMP1977,Employee 1081,Operations,Mumbai,26-Oct-2024,,Mercury,MGR108,Active,93,30,Transferred
EMP1818,Employee 653,IT,Delhi,23-Mar-2025,,Orion,MGR112,Active,89,0,
EMP1201,Employee 1243,Finance,Mumbai,Mar 16 2024,91652.20,Phoenix,MGR103,Probation,,19,
EMP1848,Employee 752,Sales,Chennai,Oct 27 2022,"170,473",Zenith,MGR105,Probation,,N/A,Remote
EMP1208,Employee 93,Legal,Pune,23/09/2024,"43,213",Nova,MGR111,Probation,,N/A,Remote
EMP1811,Employee 636,IT,Chennai,2022-12-23,"106,759",Phoenix,MGR100,Resigned,63%,16,Transferred
EMP1719,Employee 1023,Legal,Chennai,21/01/2024,"₹70,559.37",Zenith,MGR107,Active,,,Contract
EMP1228,Employee 421,Finance,Bengaluru,23-Mar-2022,"68,208",Atlas,MGR106,Resigned,,28,Contract
EMP1829,Employee 978,Marketing,Bengaluru,09-Feb-2024,-₹63586.71,Nova,MGR100,Resigned,,13,Promotion Due
EMP1143,Employee 208,Sales,Bengaluru,03-Jan-2023,"55,346",Nova,MGR106,Resigned,86,9,Promotion Due
EMP1828,Employee 1290,Finance,Mumbai,2023-08-12,86079.27,Zenith,MGR103,Active,85%,22,Remote
EMP1097,Employee 401,Legal,Hyderabad,01-Jan-2022,"₹150,410.28",Mercury,MGR109,Resigned,92%,,Transferred
EMP1117,Employee 877,HR,Pune,19/12/2022,124371.33,Phoenix,MGR108,Resigned,78%,,Transferred
EMP1203,Employee 670,Legal,Chennai,28/03/2022,126697.42,Atlas,MGR109,On Leave,68%,13,Contract
EMP1572,Employee 484,Marketing,Mumbai,12-Apr-2025,"80,215",Titan,MGR119,Probation,65,16,Remote
EMP1211,Employee 599,R&D,Bengaluru,2024-12-23,"₹89,890.22",Orion,MGR117,On Leave,,,Remote
EMP1045,Employee 956,Marketing,Delhi,2022-10-23,73305.40,Nova,MGR112,Probation,57,,Contract
EMP1810,Employee 803,Marketing,Mumbai,09-Jul-2023,"46,190",Phoenix,MGR104,On Leave,97%,,
EMP1439,Employee 1252,Sales,Mumbai,Jul 04 2023,102744.26,Orion,MGR115,On Leave,92%,,Remote
EMP1996,Employee 116,IT,Ahmedabad,Jan 09 2023,"₹165,834.64",Mercury,MGR110,Resigned,63,,
EMP1962,Employee 728,Legal,Mumbai,01-Jun-2022,"₹152,525.94",Titan,MGR119,Resigned,57%,,
EMP1573,Employee 1187,R&D,Chennai,2024-12-15,,Zenith,MGR102,Probation,68,10,Promotion Due
EMP1740,Employee 708,Legal,Chennai,17/12/2024,"₹65,562.80",Atlas,MGR102,On Leave,,19,Promotion Due
EMP1126,Employee 730,HR,Bengaluru,Nov 17 2023,"₹129,668.24",Apollo,MGR113,Active,88%,11,Remote
EMP1236,Employee 896,Legal,Bengaluru,2023-04-27,"85,435",Nova,MGR114,Resigned,66,N/A,Transferred
EMP1447,Employee 1172,Operations,Mumbai,28-Feb-2022,87559.58,Mercury,MGR108,Probation,86%,N/A,Contract
EMP1474,Employee 972,Finance,Pune,Mar 24 2025,"₹102,893.87",Mercury,MGR117,Resigned,95,,Remote
EMP1118,Employee 324,HR,Ahmedabad,Aug 26 2023,"52,515",Titan,MGR113,Resigned,,,
EMP1124,Employee 1067,Operations,Ahmedabad,Aug 18 2022,"175,171",Apollo,MGR114,Active,,,Contract
EMP1249,Employee 269,Sales,Hyderabad,Aug 14 2024,"70,639",Zenith,MGR102,Resigned,,9,Remote
EMP1579,Employee 959,IT,Chennai,17-Jul-2023,70684.74,Zenith,MGR115,Resigned,78%,19,
EMP1242,Employee 237,Marketing,Hyderabad,2025-01-09,"141,036",Atlas,MGR103,Probation,,7,
EMP1072,Employee 397,Sales,Pune,18/08/2024,"₹126,651.20",Titan,MGR112,Resigned,58,N/A,
EMP1152,Employee 175,R&D,Pune,2022-10-11,,Titan,MGR101,On Leave,56%,N/A,Remote
EMP1019,Employee 1031,Legal,Chennai,Jan 15 2023,"94,465",Phoenix,MGR116,Probation,60,N/A,Promotion Due
EMP1686,Employee 1254,Operations,Chennai,03/04/2025,"₹93,948.47",Apollo,MGR119,Resigned,74,,Contract
EMP1723,Employee 965,IT,Ahmedabad,21/04/2024,38577.01,Atlas,MGR106,Probation,72%,19,Promotion Due
EMP1948,Employee 802,Finance,Delhi,2024-09-23,"45,458",Apollo,MGR109,On Leave,,19,Transferred
EMP1374,Employee 2,Marketing,Mumbai,31-Aug-2023,"156,439",Atlas,MGR105,On Leave,,,Transferred
EMP1247,Employee 612,Legal,Mumbai,22-Apr-2023,64302.70,Apollo,MGR115,Probation,83%,,Contract
EMP1522,Employee 63,IT,Ahmedabad,2023-01-03,"₹76,668.86",Titan,MGR114,Probation,55,18,Transferred
EMP1306,Employee 621,Operations,Ahmedabad,Aug 16 2022,25145.58,Apollo,MGR114,Probation,71,N/A,
EMP1356,Employee 1054,HR,Mumbai,Sep 21 2022,"₹79,941.55",Zenith,MGR116,Resigned,79%,,
EMP1664,Employee 70,IT,Delhi,17/07/2023,48494.66,Phoenix,MGR119,Resigned,61,,Remote
EMP1097,Employee 33,HR,Delhi,Jun 23 2023,160162.01,Phoenix,MGR102,On Leave,,N/A,Transferred
EMP1928,Employee 468,Marketing,Pune,2024-10-16,"₹61,667.37",Orion,MGR100,Probation,71%,7,Contract
EMP1074,Employee 74,Legal,Pune,22/09/2023,131535.31,Phoenix,MGR118,Probation,79,12,Transferred
EMP1436,Employee 377,HR,Bengaluru,2022-09-18,"₹73,187.49",Phoenix,MGR107,Probation,61%,N/A,Transferred
EMP1090,Employee 583,Sales,Bengaluru,04/04/2023,85646.30,Titan,MGR100,Probation,76,,Promotion Due
EMP1078,Employee 888,Finance,Pune,24-Feb-2023,"168,479",Titan,MGR110,Resigned,,,
EMP1104,Employee 825,HR,Bengaluru,15/12/2022,36805.70,Apollo,MGR115,Probation,77%,14,
EMP1964,Employee 898,R&D,Chennai,05/07/2022,"134,363",Atlas,MGR111,Resigned,,,
EMP1327,Employee 735,R&D,Ahmedabad,Apr 28 2024,118665.43,Mercury,MGR114,Resigned,69%,6,Promotion Due
EMP1593,Employee 999,HR,Delhi,2022-11-15,"68,670",Orion,MGR104,Resigned,98,,Contract
EMP1134,Employee 464,Sales,Chennai,May 12 2024,"₹152,144.17",Apollo,MGR108,On Leave,57,,
EMP1822,Employee 897,HR,Bengaluru,2023-03-21,50601.86,Apollo,MGR115,Resigned,82%,,Promotion Due
EMP1737,Employee 61,Operations,Pune,16/05/2022,25084.52,Phoenix,MGR101,Probation,71%,17,Transferred
EMP1827,Employee 836,Operations,Ahmedabad,Mar 10 2023,-₹111647.33,Apollo,MGR102,Probation,,,
EMP1965,Employee 1076,R&D,Delhi,Nov 09 2024,76752.64,Zenith,MGR102,Resigned,,22,Transferred
EMP1365,Employee 371,R&D,Hyderabad,2024-11-30,123759.20,Titan,MGR112,Probation,77,10,
EMP1005,Employee 535,Legal,Chennai,22-Sep-2023,54411.36,Nova,MGR104,Resigned,,7,Transferred
EMP1769,Employee 33,Finance,Bengaluru,Nov 12 2023,"₹159,825.70",Nova,MGR109,Resigned,90%,,
EMP1076,Employee 94,Sales,Pune,30-Nov-2024,153064.93,Zenith,MGR113,On Leave,61%,,Remote
EMP1823,Employee 465,Sales,Chennai,Nov 14 2022,65182.27,Nova,MGR103,Probation,99%,N/A,Promotion Due
EMP1342,Employee 531,Finance,Mumbai,24-Feb-2022,,Atlas,MGR118,Active,87,8,Contract
EMP1807,Employee 556,Sales,Chennai,02-Jan-2022,98907.77,Mercury,MGR102,On Leave,,,Promotion Due
EMP1072,Employee 1246,Finance,Bengaluru,23-Oct-2023,41785.51,Apollo,MGR108,On Leave,92,20,Contract
EMP1520,Employee 35,Operations,Bengaluru,Nov 17 2022,"₹176,223.10",Apollo,MGR116,Probation,55,N/A,
EMP1751,Employee 1012,Operations,Bengaluru,09-Jun-2022,"85,028",Mercury,MGR118,Active,100,,Contract
EMP1244,Employee 1042,Marketing,Pune,2024-11-18,50841.60,Mercury,MGR114,On Leave,75,,Remote
EMP1178,Employee 627,R&D,Ahmedabad,30/05/2023,153111.46,Mercury,MGR117,Resigned,,N/A,Contract
EMP1256,Employee 385,R&D,Chennai,2022-10-31,"₹136,614.85",Atlas,MGR118,Resigned,64%,15,Remote
EMP1223,Employee 964,HR,Pune,Mar 02 2025,"74,592",Titan,MGR114,Active,92,,Remote
EMP1684,Employee 416,IT,Pune,2022-06-13,,Titan,MGR108,Resigned,,4,Transferred
EMP1499,Employee 715,R&D,Pune,20/03/2023,"₹81,263.81",Zenith,MGR103,Active,77,N/A,
EMP1031,Employee 481,Legal,Hyderabad,12-Jan-2024,"43,841",Titan,MGR115,Resigned,66%,4,Promotion Due
EMP1116,Employee 1196,Finance,Chennai,04-Feb-2024,"53,976",Zenith,MGR114,Probation,87,29,
EMP1013,Employee 670,R&D,Bengaluru,2022-05-27,93659.72,Apollo,MGR110,Active,86,N/A,Remote
EMP1933,Employee 878,Operations,Mumbai,2025-02-12,"77,651",Titan,MGR117,Resigned,67,,Transferred
EMP1800,Employee 730,IT,Chennai,2023-06-25,173005.73,Orion,MGR116,Resigned,72%,N/A,Promotion Due
EMP1557,Employee 757,HR,Ahmedabad,2022-01-27,122826.26,Apollo,MGR113,Resigned,70%,,Promotion Due
EMP1439,Employee 1267,Marketing,Ahmedabad,2023-07-12,"112,911",Titan,MGR118,Probation,94,28,Promotion Due
EMP1996,Employee 1228,Legal,Pune,2023-09-03,127059.59,Nova,MGR115,Probation,,N/A,
EMP1380,Employee 568,Operations,Delhi,2023-04-04,61167.28,Nova,MGR117,Resigned,,,Contract
EMP1029,Employee 1064,HR,Hyderabad,08/07/2022,"67,119",Zenith,MGR111,Probation,87,N/A,Remote
EMP1255,Employee 989,HR,Hyderabad,13-Jan-2023,54233.50,Atlas,MGR112,Active,88%,9,Contract
EMP1850,Employee 198,Finance,Bengaluru,08/10/2023,"₹27,614.02",Titan,MGR103,Active,83%,,Remote
EMP1895,Employee 588,Sales,Bengaluru,2024-03-05,"46,224",Titan,MGR106,Active,81%,,Contract
EMP1257,Employee 728,IT,Bengaluru,Apr 18 2024,94121.59,Orion,MGR106,Active,,N/A,Promotion Due
EMP1878,Employee 1248,R&D,Pune,03/12/2022,"119,766",Orion,MGR110,Resigned,88,,Remote
EMP1949,Employee 786,Sales,Ahmedabad,23/01/2023,"₹176,950.80",Apollo,MGR109,Active,,N/A,Contract
EMP1863,Employee 805,IT,Pune,22/03/2024,"₹149,094.99",Phoenix,MGR108,On Leave,98,N/A,
EMP1547,Employee 818,Marketing,Ahmedabad,16-Jan-2022,70806.76,Zenith,MGR105,On Leave,61%,,Contract
EMP1094,Employee 731,HR,Bengaluru,2023-06-21,139788.21,Nova,MGR100,Probation,98%,,Contract
EMP1092,Employee 859,HR,Bengaluru,14/06/2024,142126.49,Apollo,MGR118,On Leave,,2,
EMP1238,Employee 1142,Sales,Chennai,Feb 10 2025,94320.47,Titan,MGR101,On Leave,55,N/A,Remote
EMP1602,Employee 573,IT,Ahmedabad,Jan 10 2022,46621.64,Nova,MGR107,Probation,96%,6,Remote
EMP1518,Employee 206,Operations,Ahmedabad,Oct 04 2022,"₹49,755.90",Mercury,MGR103,Probation,,N/A,Promotion Due
EMP1245,Employee 22,Operations,Bengaluru,Jun 03 2022,"₹123,905.13",Atlas,MGR102,On Leave,94,N/A,Contract
EMP1479,Employee 1161,Marketing,Ahmedabad,2022-07-09,"78,371",Titan,MGR104,Resigned,,3,
EMP1021,Employee 1013,Finance,Ahmedabad,24/08/2023,"70,455",Atlas,MGR100,Probation,70,N/A,Transferred
EMP1272,Employee 771,Operations,Mumbai,01-Sep-2022,"163,595",Mercury,MGR112,On Leave,,,Contract
EMP1201,Employee 591,HR,Ahmedabad,07-Jan-2025,"₹113,682.80",Orion,MGR113,Resigned,55%,2,Transferred
EMP1057,Employee 965,IT,Bengaluru,2022-04-17,143670.66,Nova,MGR110,Active,,15,Promotion Due
EMP1398,Employee 367,IT,Ahmedabad,Apr 06 2025,"123,694",Nova,MGR103,Resigned,,27,Promotion Due
EMP1870,Employee 209,Legal,Chennai,2024-07-03,82906.50,Zenith,MGR113,Active,85,8,Promotion Due
EMP1477,Employee 909,Sales,Mumbai,Jun 17 2022,59371.77,Mercury,MGR118,Active,55,,Remote
EMP1801,Employee 743,Sales,Pune,2024-08-02,166440.31,Atlas,MGR103,Probation,,23,Contract
EMP1126,Employee 1195,Finance,Ahmedabad,12/07/2023,"₹53,356.37",Titan,MGR103,Active,95,,Contract
EMP1328,Employee 1068,IT,Ahmedabad,14-Aug-2024,"99,470",Atlas,MGR100,Probation,87,6,Promotion Due
EMP1148,Employee 173,R&D,Bengaluru,17/12/2022,"₹48,061.46",Atlas,MGR109,On Leave,57%,N/A,Transferred
EMP1995,Employee 84,Marketing,Ahmedabad,Jan 26 2022,"₹140,356.52",Mercury,MGR109,Resigned,,N/A,Transferred
EMP1352,Employee 1087,Sales,Pune,Nov 19 2022,"₹100,567.33",Apollo,MGR109,Active,,16,Promotion Due
EMP1699,Employee 831,Finance,Chennai,2022-05-14,"₹108,177.44",Nova,MGR109,Probation,72%,N/A,Remote
EMP1490,Employee 140,Operations,Ahmedabad,Oct 10 2023,"71,289",Mercury,MGR102,On Leave,,0,Remote
EMP1398,Employee 804,Sales,Pune,16-Jan-2023,117523.52,Titan,MGR102,Probation,97,24,
EMP1824,Employee 772,Operations,Pune,21/02/2022,"₹61,458.26",Zenith,MGR114,On Leave,,,Remote
EMP1448,Employee 1172,Finance,Pune,25/08/2022,-₹153790.80,Orion,MGR111,Active,59,12,Remote
EMP1461,Employee 162,Marketing,Chennai,2023-08-23,98334.32,Atlas,MGR107,On Leave,65%,,
EMP1144,Employee 918,Legal,Hyderabad,2022-02-24,"₹82,684.30",Mercury,MGR107,Probation,99,,Promotion Due
EMP1505,Employee 1071,IT,Pune,07-Oct-2023,36389.17,Apollo,MGR104,Resigned,67,,
EMP1595,Employee 974,Legal,Chennai,Mar 23 2023,"166,452",Apollo,MGR113,Probation,99,N/A,Remote
EMP1768,Employee 558,IT,Hyderabad,Dec 09 2024,59266.97,Apollo,MGR113,Active,56,,
EMP1104,Employee 389,Finance,Chennai,Mar 27 2022,"₹134,191.24",Titan,MGR100,Resigned,,14,Contract
EMP1909,Employee 80,R&D,Chennai,Aug 31 2023,"₹135,012.97",Mercury,MGR115,Active,100,7,
EMP1191,Employee 537,Sales,Hyderabad,Feb 17 2024,"₹118,607.66",Titan,MGR113,Resigned,,,
EMP1328,Employee 1169,Operations,Pune,Sep 23 2024,66852.55,Zenith,MGR110,Resigned,,N/A,Remote
EMP1326,Employee 892,Legal,Bengaluru,Feb 10 2023,"46,248",Zenith,MGR109,Resigned,93,N/A,Promotion Due
EMP1964,Employee 892,Finance,Chennai,16-Jan-2023,143590.32,Apollo,MGR102,On Leave,89,,Remote
EMP1395,Employee 45,Operations,Pune,2024-02-18,"₹98,131.59",Mercury,MGR110,On Leave,63,10,
EMP1773,Employee 1007,Marketing,Bengaluru,09-Jun-2022,170206.30,Zenith,MGR104,Resigned,77%,,Promotion Due
EMP1575,Employee 252,Finance,Delhi,Jan 19 2025,55538.05,Atlas,MGR103,On Leave,,12,Transferred
EMP1069,Employee 70,Operations,Ahmedabad,23-Jun-2023,"109,582",Apollo,MGR109,Active,56,21,Remote
EMP1441,Employee 142,R&D,Hyderabad,09/07/2022,63767.67,Orion,MGR101,On Leave,98%,N/A,Promotion Due
EMP1650,Employee 19,Finance,Ahmedabad,2025-03-29,"164,278",Apollo,MGR109,Resigned,,,Contract
EMP1026,Employee 493,Marketing,Ahmedabad,Dec 10 2024,98089.66,Zenith,MGR111,On Leave,74%,,Remote
EMP1729,Employee 1000,Legal,Chennai,Aug 09 2023,72832.26,Atlas,MGR119,On Leave,,N/A,Remote
EMP1617,Employee 223,Finance,Delhi,14-Jan-2025,169997.57,Orion,MGR111,Resigned,64%,N/A,Promotion Due
EMP1876,Employee 95,Marketing,Pune,24/05/2023,,Nova,MGR112,On Leave,86,3,Contract
EMP1326,Employee 965,Finance,Bengaluru,27-Mar-2022,167416.82,Zenith,MGR100,Probation,90%,22,Contract
EMP1905,Employee 100,Sales,Mumbai,Mar 09 2025,169071.17,Titan,MGR116,Active,86,29,Remote
EMP1601,Employee 403,R&D,Ahmedabad,15/04/2025,112395.06,Mercury,MGR116,Active,72,,Transferred
EMP1626,Employee 377,Marketing,Hyderabad,07-Aug-2022,"₹28,441.59",Atlas,MGR107,On Leave,83%,,Remote
EMP1119,Employee 1288,Operations,Chennai,06/11/2024,"109,175",Apollo,MGR111,Probation,,N/A,
EMP1062,Employee 702,HR,Mumbai,04/08/2022,123203.15,Atlas,MGR104,On Leave,96,N/A,Promotion Due
EMP1862,Employee 123,Marketing,Delhi,Jan 27 2024,"32,878",Mercury,MGR100,Resigned,,,Remote
EMP1802,Employee 463,R&D,Delhi,Sep 16 2023,"90,535",Mercury,MGR113,Probation,64%,7,Contract
EMP1104,Employee 831,IT,Mumbai,09-Mar-2025,"88,495",Nova,MGR113,Active,98%,N/A,Contract
EMP1622,Employee 47,Finance,Ahmedabad,05/08/2024,168371.93,Phoenix,MGR108,Active,92%,6,Transferred
EMP1433,Employee 1283,Marketing,Delhi,Nov 16 2024,"₹132,007.87",Phoenix,MGR117,Probation,76%,,Transferred
EMP1744,Employee 1117,IT,Chennai,2022-04-02,"148,457",Orion,MGR119,On Leave,72%,,Remote
EMP1816,Employee 965,Marketing,Delhi,04-Dec-2023,75531.94,Apollo,MGR118,Active,89%,N/A,Promotion Due
EMP1401,Employee 556,HR,Hyderabad,04-Aug-2023,"₹106,107.64",Atlas,MGR114,On Leave,,N/A,
EMP1067,Employee 1041,Operations,Pune,2025-01-11,138590.69,Atlas,MGR116,Active,86%,29,Contract
EMP1055,Employee 746,Sales,Pune,2023-07-23,"90,170",Phoenix,MGR100,On Leave,,,Contract
EMP1723,Employee 957,HR,Ahmedabad,2025-02-25,"164,406",Atlas,MGR115,Active,73%,20,Remote
EMP1626,Employee 662,IT,Pune,18/08/2022,"117,921",Apollo,MGR110,On Leave,71,,Remote
EMP1151,Employee 673,Legal,Bengaluru,2024-03-12,"70,133",Orion,MGR118,Resigned,80,N/A,Transferred
EMP1882,Employee 565,Legal,Ahmedabad,05-Nov-2022,"₹134,626.78",Atlas,MGR111,Resigned,95,N/A,Contract
EMP1709,Employee 1217,Marketing,Mumbai,May 20 2023,"₹94,523.61",Mercury,MGR111,Active,63,N/A,Remote
EMP1319,Employee 1300,Sales,Chennai,Oct 16 2022,148226.24,Zenith,MGR107,Active,89%,,Promotion Due
EMP1514,Employee 473,Operations,Hyderabad,26-Apr-2022,"₹145,739.84",Orion,MGR117,Active,,25,Remote
EMP1924,Employee 131,Legal,Ahmedabad,14-Nov-2024,"140,061",Titan,MGR108,On Leave,,18,Promotion Due
EMP1208,Employee 697,Operations,Delhi,Mar 03 2025,66139.52,Mercury,MGR103,Probation,90,20,Transferred
EMP1319,Employee 348,Marketing,Ahmedabad,Feb 28 2024,"₹159,585.10",Nova,MGR116,On Leave,58%,,Remote
EMP1415,Employee 403,HR,Bengaluru,2022-08-16,-₹149805.52,Phoenix,MGR116,Resigned,60,5,Promotion Due
EMP1394,Employee 33,Operations,Pune,2024-11-20,"₹141,469.63",Orion,MGR101,On Leave,66,,Transferred
EMP1258,Employee 603,Legal,Bengaluru,2024-05-11,"₹96,437.06",Nova,MGR117,Probation,95%,N/A,Contract
EMP1494,Employee 835,HR,Delhi,11-Aug-2023,106251.42,Apollo,MGR109,Active,61%,2,Promotion Due
EMP1206,Employee 685,Marketing,Delhi,Feb 26 2022,"₹39,535.89",Zenith,MGR118,Probation,,13,Remote
EMP1523,Employee 565,Legal,Mumbai,2022-10-23,"110,144",Nova,MGR103,On Leave,57%,N/A,Remote
EMP1518,Employee 785,HR,Chennai,04-Sep-2022,"₹34,985.02",Orion,MGR117,Active,67,16,Remote
EMP1086,Employee 119,Marketing,Mumbai,Feb 04 2025,"55,324",Orion,MGR102,Resigned,74%,N/A,Contract
EMP1940,Employee 867,Finance,Hyderabad,01-Feb-2025,141806.01,Titan,MGR101,Probation,,3,Transferred
EMP1714,Employee 412,Finance,Delhi,26-Apr-2022,"169,489",Mercury,MGR119,Resigned,60%,6,Transferred
EMP1735,Employee 387,Sales,Ahmedabad,2024-02-18,102137.95,Phoenix,MGR107,Resigned,,N/A,Remote
EMP1623,Employee 693,Sales,Hyderabad,Jun 06 2022,"168,578",Phoenix,MGR104,Resigned,85,N/A,
EMP1597,Employee 72,Finance,Mumbai,24/05/2022,"149,482",Zenith,MGR117,On Leave,,10,
EMP1844,Employee 510,Finance,Mumbai,07/10/2023,"₹83,878.49",Apollo,MGR105,On Leave,,19,Contract
EMP1746,Employee 716,Sales,Hyderabad,22/11/2024,"176,919",Titan,MGR112,Resigned,,N/A,
EMP1095,Employee 173,Marketing,Delhi,31/08/2022,"48,448",Atlas,MGR116,Resigned,95%,N/A,Promotion Due
EMP1402,Employee 764,Sales,Mumbai,2024-04-11,"₹140,341.15",Mercury,MGR105,On Leave,97%,6,Transferred
EMP1031,Employee 1232,Legal,Chennai,2025-01-21,177184.75,Orion,MGR113,On Leave,75%,3,Remote
EMP1083,Employee 1294,IT,Ahmedabad,Oct 13 2024,"140,937",Atlas,MGR102,On Leave,99%,,Transferred
EMP1078,Employee 1059,Legal,Bengaluru,Feb 02 2023,"₹26,901.01",Titan,MGR101,Probation,,N/A,Transferred
EMP1089,Employee 265,HR,Delhi,05-May-2022,"64,701",Atlas,MGR107,On Leave,69,N/A,Transferred
EMP1536,Employee 308,Legal,Ahmedabad,20/03/2023,144675.65,Phoenix,MGR109,On Leave,63%,18,Promotion Due
EMP1111,Employee 647,Marketing,Mumbai,28-Jul-2023,88137.20,Orion,MGR105,Active,95,N/A,Remote
EMP1793,Employee 1137,Sales,Bengaluru,14/09/2022,"109,154",Phoenix,MGR107,Active,,N/A,Remote
EMP1409,Employee 157,Finance,Hyderabad,22-Jul-2023,157574.88,Orion,MGR106,Resigned,,3,Contract
EMP1724,Employee 1062,Sales,Hyderabad,Apr 05 2022,"₹144,677.33",Mercury,MGR103,On Leave,79%,,Transferred
EMP1230,Employee 730,HR,Mumbai,14/05/2023,"₹111,720.12",Atlas,MGR117,Resigned,59%,,Promotion Due
EMP1889,Employee 787,Operations,Chennai,Apr 18 2023,"₹79,864.21",Apollo,MGR105,Resigned,,,Promotion Due
EMP1244,Employee 45,R&D,Chennai,Nov 09 2022,"39,699",Apollo,MGR104,Active,77%,7,Transferred
EMP1183,Employee 804,Sales,Bengaluru,03-Feb-2022,158419.38,Titan,MGR100,Active,87,N/A,
EMP1861,Employee 815,Finance,Delhi,2024-08-15,"₹98,132.23",Apollo,MGR112,Probation,66%,N/A,Remote
EMP1312,Employee 629,IT,Bengaluru,Jul 25 2022,,Phoenix,MGR103,Resigned,79%,,Transferred
EMP1146,Employee 1243,R&D,Pune,12-Sep-2022,"142,507",Nova,MGR117,Resigned,63%,N/A,
EMP1527,Employee 1281,Operations,Hyderabad,25/07/2022,110062.83,Apollo,MGR110,Probation,64%,N/A,Remote
EMP1812,Employee 682,Marketing,Mumbai,2024-10-30,"160,392",Apollo,MGR110,On Leave,,2,Remote
EMP1693,Employee 64,Marketing,Chennai,2024-06-21,,Titan,MGR111,Active,94,,
EMP1064,Employee 529,Finance,Delhi,Feb 05 2022,"₹151,350.10",Titan,MGR115,Resigned,,12,Promotion Due
EMP1948,Employee 486,Operations,Ahmedabad,2023-08-18,"139,924",Apollo,MGR104,Resigned,90%,27,
EMP1281,Employee 1184,Sales,Bengaluru,Feb 05 2022,"44,051",Orion,MGR101,On Leave,57,10,Promotion Due
EMP1511,Employee 1163,HR,Ahmedabad,Jun 02 2022,"₹40,650.67",Orion,MGR108,Resigned,91%,N/A,Promotion Due
EMP1773,Employee 730,Sales,Chennai,Jul 16 2024,,Zenith,MGR108,Probation,78,14,Contract
EMP1838,Employee 1098,Marketing,Hyderabad,Apr 27 2024,87391.16,Apollo,MGR107,Active,66%,N/A,Promotion Due
EMP1167,Employee 1008,R&D,Chennai,Mar 14 2022,115408.90,Atlas,MGR113,Probation,81,,
EMP1707,Employee 111,Marketing,Delhi,2023-02-25,"₹159,571.88",Apollo,MGR109,Resigned,63%,N/A,Promotion Due
EMP1008,Employee 1122,IT,Hyderabad,Apr 03 2024,35976.19,Orion,MGR117,Active,81,,Transferred
EMP1939,Employee 548,Finance,Mumbai,2023-05-16,,Titan,MGR117,On Leave,,,Remote
EMP1646,Employee 1162,Finance,Ahmedabad,2023-07-29,48892.62,Orion,MGR112,Active,61%,N/A,Remote
EMP1633,Employee 390,R&D,Chennai,2024-10-19,"55,501",Mercury,MGR117,On Leave,75%,,Remote
EMP1935,Employee 180,Operations,Mumbai,2023-10-22,"130,673",Apollo,MGR108,Probation,63%,,Promotion Due
EMP1123,Employee 114,IT,Ahmedabad,17-Mar-2022,"67,147",Apollo,MGR116,Resigned,88,4,Remote
EMP1672,Employee 462,Finance,Mumbai,02/12/2022,"₹41,789.05",Atlas,MGR104,Resigned,87,N/A,Remote
EMP1419,Employee 146,IT,Hyderabad,2022-01-05,168372.77,Phoenix,MGR111,Probation,74,,Remote
EMP1283,Employee 399,Operations,Bengaluru,29-Jun-2022,"₹138,113.14",Zenith,MGR104,On Leave,91,,Promotion Due
EMP1662,Employee 1017,Sales,Delhi,Apr 21 2023,"82,374",Mercury,MGR103,Resigned,,,
EMP1869,Employee 488,Operations,Bengaluru,12-Mar-2025,146093.27,Mercury,MGR114,Probation,,2,Transferred
EMP1612,Employee 293,Sales,Mumbai,31-Jan-2025,"₹27,389.33",Apollo,MGR108,On Leave,95%,N/A,Transferred
EMP1595,Employee 704,Marketing,Chennai,20-Jul-2024,"₹153,836.05",Apollo,MGR107,On Leave,,23,
EMP1234,Employee 447,HR,Delhi,04/04/2022,174045.59,Zenith,MGR109,Probation,98%,N/A,Remote
EMP1924,Employee 608,IT,Chennai,2024-08-31,"146,488",Apollo,MGR103,On Leave,55%,,
EMP1236,Employee 899,R&D,Delhi,2022-06-10,"₹169,728.47",Apollo,MGR118,On Leave,83,17,
EMP1793,Employee 521,Operations,Bengaluru,29-Mar-2024,"₹84,703.09",Mercury,MGR118,Active,,N/A,
EMP1332,Employee 512,Finance,Ahmedabad,Jan 07 2022,"65,209",Phoenix,MGR100,Active,,30,Promotion Due
EMP1148,Employee 530,Legal,Bengaluru,27-Jan-2024,"151,418",Mercury,MGR105,Active,84%,N/A,Remote
EMP1804,Employee 208,R&D,Pune,18/05/2024,71852.47,Mercury,MGR100,Probation,69%,N/A,Transferred
EMP1613,Employee 18,Sales,Hyderabad,22/02/2023,"49,825",Zenith,MGR104,Probation,98%,23,
EMP1532,Employee 744,Sales,Delhi,09/11/2023,69241.92,Atlas,MGR108,Probation,99%,N/A,Promotion Due
EMP1754,Employee 269,Sales,Chennai,19-Aug-2024,"₹88,632.88",Apollo,MGR101,Probation,90%,30,
EMP1764,Employee 1230,Sales,Bengaluru,2024-06-19,"59,532",Atlas,MGR116,Probation,74%,N/A,Transferred
EMP1972,Employee 1255,Sales,Mumbai,15/10/2022,"93,337",Mercury,MGR113,Active,,,Contract
EMP1126,Employee 147,Legal,Hyderabad,2024-08-31,"27,003",Atlas,MGR106,On Leave,78%,2,
EMP1298,Employee 300,Marketing,Chennai,14-Jan-2022,"110,423",Orion,MGR119,Resigned,59%,27,Remote
EMP1421,Employee 1084,Marketing,Ahmedabad,2024-05-28,"₹140,947.69",Mercury,MGR115,Active,,,Remote
EMP1836,Employee 296,Finance,Mumbai,2023-03-17,85533.24,Nova,MGR110,Resigned,93,,Contract
EMP1678,Employee 118,Marketing,Pune,Apr 12 2024,"43,356",Mercury,MGR109,On Leave,,,Transferred
EMP1907,Employee 630,IT,Ahmedabad,2023-11-04,166975.21,Phoenix,MGR106,Active,82%,N/A,Transferred
EMP1776,Employee 526,IT,Chennai,2024-11-29,"58,964",Mercury,MGR118,Active,82%,,Remote
EMP1016,Employee 927,IT,Mumbai,29-Jun-2024,53037.24,Titan,MGR106,On Leave,60%,N/A,
EMP1001,Employee 690,Sales,Chennai,Feb 10 2023,"133,062",Mercury,MGR119,Probation,,N/A,Transferred
EMP1279,Employee 898,Sales,Hyderabad,30-Apr-2022,"₹60,852.41",Titan,MGR111,On Leave,,N/A,
EMP1007,Employee 290,Legal,Pune,28/04/2022,"₹169,375.37",Zenith,MGR113,Probation,90,N/A,Transferred
EMP1033,Employee 684,IT,Chennai,19-Jan-2025,"₹55,945.51",Orion,MGR114,On Leave,71%,11,
EMP1215,Employee 1221,IT,Delhi,06/12/2022,"42,517",Nova,MGR102,Resigned,73,,Contract
EMP1222,Employee 277,Legal,Ahmedabad,2024-06-05,"160,667",Atlas,MGR119,Resigned,85,6,Contract
EMP1024,Employee 696,R&D,Bengaluru,Mar 29 2023,86206.96,Mercury,MGR106,Probation,99,,Contract
EMP1187,Employee 1218,Legal,Mumbai,Jun 21 2022,"₹47,930.91",Apollo,MGR110,On Leave,,14,Contract
EMP1422,Employee 960,Marketing,Hyderabad,Nov 20 2022,"₹57,467.18",Zenith,MGR106,Resigned,71%,,Remote
EMP1117,Employee 613,R&D,Pune,11/06/2023,"118,930",Mercury,MGR113,Active,57%,,Promotion Due
EMP1473,Employee 1001,Finance,Hyderabad,14/06/2023,"₹53,794.60",Mercury,MGR104,Probation,73,N/A,Transferred
EMP1244,Employee 945,Marketing,Hyderabad,2022-02-28,"₹178,903.82",Apollo,MGR105,Resigned,79%,25,Transferred
EMP1935,Employee 957,IT,Hyderabad,20-Aug-2024,"32,162",Titan,MGR112,Resigned,83,N/A,Remote
EMP1244,Employee 1289,IT,Chennai,Feb 05 2024,"53,880",Zenith,MGR103,Resigned,,,Transferred
EMP1019,Employee 150,Sales,Delhi,2023-02-05,57591.60,Apollo,MGR100,On Leave,,N/A,Contract
EMP1825,Employee 578,Operations,Chennai,07/03/2024,"₹43,622.72",Titan,MGR104,Active,79%,,Remote
EMP1029,Employee 650,IT,Ahmedabad,05-Aug-2023,138467.34,Phoenix,MGR110,On Leave,57,23,Promotion Due
EMP1507,Employee 45,Operations,Ahmedabad,15/02/2022,"153,638",Phoenix,MGR107,Probation,84,N/A,
EMP1008,Employee 456,HR,Chennai,12/06/2022,"₹72,164.74",Titan,MGR114,Resigned,89,N/A,
EMP1325,Employee 217,IT,Hyderabad,2025-04-15,51805.25,Apollo,MGR110,Probation,57,,Remote
EMP1897,Employee 186,Sales,Pune,Mar 28 2025,"28,835",Titan,MGR103,Probation,93,,Remote
EMP1252,Employee 1184,Operations,Delhi,25/09/2023,"₹28,581.35",Mercury,MGR111,Resigned,,N/A,Transferred
EMP1651,Employee 222,Operations,Mumbai,12/10/2024,-₹148140.17,Mercury,MGR111,Probation,,,Transferred
EMP1558,Employee 427,IT,Bengaluru,26-Jan-2023,-₹29030.33,Zenith,MGR111,On Leave,,N/A,Promotion Due
EMP1758,Employee 1248,R&D,Chennai,May 18 2024,74948.91,Apollo,MGR105,Active,72%,N/A,Transferred
EMP1113,Employee 551,Legal,Chennai,29/08/2022,93597.03,Titan,MGR109,Probation,84,,Promotion Due
EMP1434,Employee 638,Legal,Mumbai,2023-09-29,"97,028",Mercury,MGR116,Active,,23,Promotion Due
EMP1472,Employee 107,Finance,Bengaluru,18/05/2022,"₹42,844.44",Atlas,MGR105,Resigned,81%,11,Remote
EMP1571,Employee 726,HR,Hyderabad,09-Aug-2023,"₹84,113.42",Titan,MGR106,Probation,87%,N/A,Transferred
EMP1075,Employee 975,R&D,Hyderabad,13-Jun-2023,"₹28,447.31",Nova,MGR116,Probation,97,11,
EMP1674,Employee 391,R&D,Bengaluru,05-Nov-2022,122237.65,Phoenix,MGR103,Active,77%,N/A,
EMP1294,Employee 176,Marketing,Ahmedabad,Jun 28 2023,"126,321",Zenith,MGR104,Probation,73,N/A,Promotion Due
EMP1307,Employee 318,Legal,Mumbai,Mar 29 2023,162643.93,Apollo,MGR115,Active,61,,Remote
EMP1014,Employee 1225,Sales,Pune,2023-11-29,"₹139,310.19",Nova,MGR113,On Leave,,12,Transferred
EMP1506,Employee 1235,Legal,Bengaluru,16/03/2023,"₹100,407.32",Apollo,MGR100,Probation,84%,,
EMP1167,Employee 1297,Operations,Delhi,24/06/2022,"57,011",Apollo,MGR112,Resigned,79,N/A,Remote
EMP1364,Employee 1157,Marketing,Hyderabad,03-Aug-2022,"₹118,358.00",Orion,MGR106,Probation,90,4,Promotion Due
EMP1211,Employee 1036,Finance,Mumbai,Dec 27 2024,"₹61,497.05",Titan,MGR104,Active,83%,,Transferred
EMP1655,Employee 329,Sales,Hyderabad,17-Sep-2024,"₹128,027.39",Orion,MGR116,On Leave,78,,Transferred
EMP1508,Employee 771,Marketing,Chennai,Mar 30 2024,139053.76,Orion,MGR103,Resigned,77%,,Transferred
EMP1533,Employee 247,IT,Mumbai,2024-09-06,"₹135,045.70",Orion,MGR111,Probation,,,Contract
EMP1444,Employee 158,Marketing,Ahmedabad,Sep 06 2022,"69,598",Mercury,MGR102,On Leave,64%,20,Transferred
EMP1646,Employee 116,IT,Delhi,Nov 17 2023,"₹108,661.20",Mercury,MGR111,Active,,19,
EMP1385,Employee 1074,Operations,Ahmedabad,04-Feb-2023,"40,240",Phoenix,MGR110,Probation,60%,16,Contract
EMP1074,Employee 808,Operations,Bengaluru,2023-01-14,"173,215",Zenith,MGR111,Resigned,,N/A,
EMP1647,Employee 8,IT,Bengaluru,11/12/2023,76439.89,Phoenix,MGR110,Probation,75,,Remote
EMP1079,Employee 218,Marketing,Delhi,25/02/2025,"142,695",Titan,MGR107,On Leave,,,Promotion Due
EMP1574,Employee 398,Legal,Bengaluru,17/02/2022,85707.72,Atlas,MGR115,On Leave,100,1,
EMP1395,Employee 815,R&D,Ahmedabad,09-Feb-2022,171497.60,Atlas,MGR103,Resigned,,,
EMP1957,Employee 643,Operations,Pune,Oct 17 2023,"158,701",Orion,MGR109,Probation,97%,,Promotion Due
EMP1501,Employee 210,Legal,Mumbai,17-Nov-2022,"38,811",Orion,MGR112,Resigned,80,N/A,Promotion Due
EMP1927,Employee 1097,HR,Chennai,Dec 01 2023,"65,171",Phoenix,MGR105,On Leave,,N/A,Transferred
EMP1532,Employee 1289,Finance,Mumbai,03-May-2022,,Orion,MGR106,Probation,,N/A,Remote
EMP1733,Employee 354,R&D,Bengaluru,11-Aug-2023,"153,343",Phoenix,MGR105,On Leave,71,,
EMP1871,Employee 1207,Marketing,Ahmedabad,Sep 27 2024,83981.87,Titan,MGR106,Resigned,,,
EMP1280,Employee 505,Operations,Delhi,12/04/2022,"₹141,178.35",Atlas,MGR115,Probation,,9,Remote
EMP1509,Employee 228,IT,Mumbai,Nov 04 2024,"₹57,140.70",Nova,MGR102,Active,84%,,
EMP1717,Employee 308,Finance,Pune,09/03/2023,"₹78,674.48",Apollo,MGR111,On Leave,62,N/A,Promotion Due
EMP1580,Employee 1059,Finance,Hyderabad,2022-01-26,112167.99,Mercury,MGR105,On Leave,67%,N/A,Remote
EMP1935,Employee 941,Operations,Ahmedabad,Jul 03 2024,"134,799",Titan,MGR111,Probation,68,N/A,
EMP1156,Employee 859,R&D,Ahmedabad,08/07/2024,"90,247",Orion,MGR114,On Leave,60,13,Contract
EMP1544,Employee 166,R&D,Chennai,13-Jan-2025,"₹123,482.82",Atlas,MGR104,Active,78,,Remote
EMP1624,Employee 65,Marketing,Ahmedabad,2023-01-07,"₹134,009.77",Orion,MGR109,Active,57%,N/A,Promotion Due
EMP1891,Employee 1088,Sales,Delhi,Sep 09 2022,114127.29,Orion,MGR116,Active,78%,,
EMP1426,Employee 651,Operations,Chennai,24-Feb-2024,"123,502",Zenith,MGR118,Resigned,69%,N/A,Transferred
EMP1239,Employee 459,HR,Chennai,06/04/2025,62284.03,Zenith,MGR113,Resigned,70%,3,Remote
EMP1288,Employee 776,IT,Hyderabad,04/10/2023,"78,279",Zenith,MGR111,On Leave,72%,,
EMP1781,Employee 828,Marketing,Ahmedabad,Mar 04 2024,"₹77,407.49",Mercury,MGR112,Resigned,66,N/A,Contract
EMP1169,Employee 113,Sales,Chennai,Feb 22 2024,29702.05,Nova,MGR111,Probation,,N/A,Contract
EMP1747,Employee 157,HR,Bengaluru,2024-02-26,"₹61,524.59",Phoenix,MGR108,Active,87,,Remote
EMP1402,Employee 1248,Legal,Ahmedabad,08/11/2022,171803.56,Zenith,MGR102,Active,88%,17,Promotion Due
EMP1262,Employee 1274,IT,Pune,2023-02-12,"₹90,042.35",Apollo,MGR103,Resigned,63,N/A,Contract
EMP1021,Employee 296,Operations,Chennai,07-Oct-2023,"₹168,499.04",Mercury,MGR119,Resigned,,12,Transferred
EMP1833,Employee 694,Legal,Delhi,2024-02-17,"₹174,698.68",Apollo,MGR108,On Leave,62%,N/A,Contract
EMP1207,Employee 811,R&D,Mumbai,09-May-2024,137495.30,Titan,MGR116,On Leave,88,N/A,
EMP1057,Employee 1021,Sales,Ahmedabad,16-May-2024,175052.52,Phoenix,MGR110,Probation,,23,Promotion Due
EMP1049,Employee 880,HR,Bengaluru,10/01/2024,"₹108,564.04",Zenith,MGR102,On Leave,,N/A,
EMP1823,Employee 465,Sales,Chennai,Nov 14 2022,65182.27,Nova,MGR103,Probation,99%,N/A,Promotion Due
EMP1796,Employee 1067,Operations,Ahmedabad,15/08/2022,"80,653",Apollo,MGR111,On Leave,,10,Promotion Due
EMP1569,Employee 688,Marketing,Chennai,Jun 13 2022,26228.13,Zenith,MGR118,Active,62,N/A,Promotion Due
EMP1477,Employee 933,IT,Ahmedabad,2023-02-17,"127,834",Atlas,MGR117,Resigned,,13,Promotion Due
EMP1291,Employee 237,Operations,Pune,2023-11-06,"29,334",Orion,MGR100,Active,68%,N/A,Transferred
EMP1570,Employee 502,Legal,Bengaluru,02/04/2025,"₹136,008.61",Apollo,MGR112,Resigned,,N/A,Remote
EMP1610,Employee 565,Finance,Mumbai,19/03/2022,77986.82,Nova,MGR103,On Leave,92,N/A,
EMP1902,Employee 719,Sales,Pune,Nov 12 2024,"149,164",Atlas,MGR100,Probation,82,N/A,Promotion Due
EMP1817,Employee 413,Legal,Mumbai,09/07/2023,69368.82,Mercury,MGR104,Resigned,61,,Promotion Due
EMP1241,Employee 1255,Legal,Ahmedabad,05-Aug-2022,"₹69,018.24",Zenith,MGR112,Active,80%,N/A,Contract
EMP1659,Employee 391,Legal,Ahmedabad,2022-04-04,71583.67,Phoenix,MGR102,Resigned,72%,21,
EMP1864,Employee 101,Finance,Chennai,10-May-2024,104507.16,Mercury,MGR115,On Leave,85%,,Transferred
EMP1648,Employee 140,Sales,Bengaluru,11-Jan-2022,116025.55,Titan,MGR114,Resigned,,N/A,Transferred
EMP1012,Employee 606,Sales,Ahmedabad,29-Jun-2024,82960.95,Orion,MGR115,Resigned,57%,N/A,Transferred
EMP1329,Employee 280,Finance,Delhi,27-Jun-2023,"₹36,700.45",Nova,MGR111,On Leave,,,Remote
EMP1136,Employee 708,Sales,Delhi,15-Jul-2022,122447.34,Titan,MGR101,Active,65%,N/A,Contract
EMP1827,Employee 103,Finance,Pune,18-Mar-2022,45574.97,Atlas,MGR119,Active,69,N/A,Contract
EMP1813,Employee 466,HR,Ahmedabad,2023-03-09,"₹64,464.04",Atlas,MGR110,Active,76,N/A,Transferred
EMP1422,Employee 448,Finance,Chennai,12/05/2022,"75,512",Zenith,MGR105,Resigned,70,,Transferred
EMP1690,Employee 1028,R&D,Ahmedabad,Aug 19 2024,"111,768",Mercury,MGR113,On Leave,73%,1,Contract
EMP1209,Employee 1120,IT,Pune,Jan 15 2022,120750.78,Atlas,MGR115,Active,89%,N/A,Transferred
EMP1798,Employee 873,Finance,Chennai,2024-07-22,"₹168,335.31",Zenith,MGR116,Resigned,73,,Transferred
EMP1022,Employee 204,R&D,Ahmedabad,Apr 07 2023,162938.57,Nova,MGR106,Resigned,91,N/A,Promotion Due
EMP1450,Employee 867,Sales,Bengaluru,05-Dec-2022,56257.93,Phoenix,MGR111,On Leave,,N/A,Contract
EMP1057,Employee 729,R&D,Mumbai,20-Jun-2023,"132,864",Mercury,MGR111,Probation,56%,N/A,Transferred
EMP1958,Employee 843,Legal,Delhi,05-May-2022,"88,873",Mercury,MGR111,On Leave,71%,9,Transferred
EMP1123,Employee 654,Operations,Delhi,02/11/2024,"₹57,718.25",Nova,MGR118,Active,78%,N/A,Contract
EMP1354,Employee 786,Legal,Ahmedabad,2023-02-03,30162.41,Apollo,MGR114,Active,66%,26,Contract
EMP1360,Employee 265,Legal,Bengaluru,Apr 28 2022,"₹110,444.53",Atlas,MGR119,Probation,87%,30,Remote
EMP1813,Employee 416,IT,Bengaluru,09/07/2024,148581.11,Atlas,MGR112,Probation,55%,0,Transferred
EMP1757,Employee 616,HR,Chennai,26/06/2022,"₹48,161.48",Titan,MGR116,On Leave,63,N/A,Remote
EMP1440,Employee 80,Legal,Mumbai,16/11/2024,"93,419",Titan,MGR106,Probation,,0,Remote
EMP1134,Employee 1167,IT,Mumbai,2025-02-19,146261.67,Mercury,MGR107,Probation,94%,N/A,
EMP1210,Employee 1107,Marketing,Hyderabad,22/12/2023,"151,186",Titan,MGR110,Resigned,,,Remote
EMP1522,Employee 522,Finance,Ahmedabad,20/03/2022,-₹114875.75,Apollo,MGR103,On Leave,80,,Promotion Due
EMP1977,Employee 158,R&D,Mumbai,11-Oct-2023,120814.43,Phoenix,MGR113,Active,61%,,Remote
EMP1857,Employee 599,Sales,Delhi,19-Mar-2025,"63,577",Zenith,MGR117,Resigned,70%,,Contract
EMP1441,Employee 511,Finance,Chennai,Jul 08 2023,"₹104,864.39",Orion,MGR107,Active,92,N/A,Promotion Due
EMP1452,Employee 911,Operations,Mumbai,06/03/2025,"₹91,850.82",Nova,MGR107,Resigned,64%,N/A,Contract
EMP1185,Employee 885,Sales,Bengaluru,15/05/2023,"₹53,404.19",Nova,MGR114,On Leave,82%,30,Contract
EMP1085,Employee 1184,Finance,Delhi,Aug 12 2024,"89,836",Orion,MGR112,On Leave,58,,Promotion Due
EMP1420,Employee 771,Marketing,Bengaluru,04/10/2022,141151.46,Atlas,MGR115,Probation,64%,10,Remote
EMP1522,Employee 1078,Marketing,Ahmedabad,03/05/2024,176458.80,Orion,MGR105,Resigned,60,21,Promotion Due
EMP1425,Employee 674,IT,Bengaluru,Nov 03 2022,62328.04,Phoenix,MGR100,Probation,79%,N/A,Remote
EMP1673,Employee 1212,HR,Ahmedabad,18-Mar-2024,"₹45,659.62",Atlas,MGR106,On Leave,,,Transferred
EMP1382,Employee 389,HR,Mumbai,2022-01-28,"₹140,815.02",Mercury,MGR100,Probation,81%,,Transferred
EMP1306,Employee 793,Legal,Pune,2024-01-04,"149,619",Mercury,MGR119,Active,95%,N/A,Contract
EMP1663,Employee 423,IT,Mumbai,Mar 14 2024,"₹72,071.33",Phoenix,MGR114,Resigned,72,N/A,Contract
EMP1862,Employee 509,IT,Delhi,2024-02-07,82039.46,Zenith,MGR115,Active,79,N/A,
EMP1998,Employee 1015,Marketing,Mumbai,Nov 08 2022,"₹32,264.38",Titan,MGR110,Active,74%,,Transferred
EMP1957,Employee 191,Finance,Chennai,2022-08-10,"₹98,752.34",Apollo,MGR113,On Leave,94,7,
EMP1688,Employee 1129,Operations,Chennai,26/07/2022,"81,432",Zenith,MGR102,Resigned,56%,N/A,Transferred
EMP1799,Employee 614,IT,Mumbai,31-Jul-2022,"₹96,505.15",Orion,MGR118,Active,76%,N/A,
EMP1031,Employee 53,HR,Bengaluru,May 26 2024,"₹36,622.63",Phoenix,MGR108,Active,84,24,Remote
EMP1870,Employee 698,Sales,Bengaluru,25/01/2023,"₹51,042.69",Atlas,MGR100,Probation,,21,
EMP1788,Employee 1057,Legal,Mumbai,2024-07-11,"161,478",Phoenix,MGR108,Resigned,,1,Promotion Due
EMP1463,Employee 1128,IT,Chennai,27/05/2022,"₹144,926.64",Atlas,MGR117,Resigned,78%,N/A,Remote
EMP1214,Employee 209,R&D,Pune,Apr 11 2025,"89,347",Titan,MGR100,Resigned,95,0,Promotion Due
EMP1347,Employee 977,Legal,Delhi,14/01/2025,"78,564",Apollo,MGR105,On Leave,81%,N/A,Promotion Due
EMP1865,Employee 275,IT,Mumbai,2023-01-28,"₹88,605.77",Atlas,MGR110,On Leave,71,8,Promotion Due
EMP1771,Employee 398,Legal,Delhi,2022-11-12,148693.08,Phoenix,MGR114,On Leave,78,N/A,
EMP1435,Employee 724,IT,Pune,Dec 20 2023,"₹32,835.04",Zenith,MGR119,Active,,N/A,
EMP1577,Employee 313,Marketing,Ahmedabad,01-Jun-2023,"₹135,537.39",Titan,MGR116,On Leave,,15,Promotion Due
EMP1016,Employee 247,Legal,Mumbai,Oct 23 2024,"₹49,151.94",Titan,MGR108,Active,90%,15,
EMP1088,Employee 512,IT,Bengaluru,2022-08-12,128820.12,Phoenix,MGR107,Active,80,N/A,Remote
EMP1965,Employee 406,Operations,Hyderabad,19/09/2022,81553.70,Zenith,MGR104,Active,,26,Promotion Due
EMP1000,Employee 686,Finance,Delhi,11-Apr-2022,"173,533",Titan,MGR109,Probation,79%,N/A,
EMP1807,Employee 481,IT,Bengaluru,2024-01-17,124096.70,Mercury,MGR107,On Leave,60,27,Contract
EMP1906,Employee 801,Finance,Pune,09-Feb-2025,"168,367",Zenith,MGR115,On Leave,71%,6,Transferred
EMP1516,Employee 436,IT,Ahmedabad,01-Mar-2024,25998.32,Nova,MGR118,On Leave,98,N/A,Remote
EMP1410,Employee 425,Legal,Ahmedabad,02/02/2024,"₹124,741.33",Apollo,MGR106,Active,,12,Contract
EMP1390,Employee 443,HR,Chennai,Sep 23 2023,"₹119,891.36",Zenith,MGR108,On Leave,62%,20,
EMP1323,Employee 370,IT,Pune,21-Aug-2024,"122,079",Mercury,MGR108,Active,,,Remote
EMP1319,Employee 726,Sales,Ahmedabad,20/01/2023,-₹122342.57,Apollo,MGR105,Active,,N/A,Promotion Due
EMP1860,Employee 68,R&D,Delhi,05-Jul-2023,"150,021",Nova,MGR117,Probation,,N/A,
EMP1578,Employee 695,Operations,Bengaluru,2022-01-11,"129,309",Orion,MGR112,Resigned,75,5,Remote
EMP1271,Employee 1021,Operations,Hyderabad,17/03/2023,"₹163,061.56",Titan,MGR111,Resigned,70,,Transferred
EMP1681,Employee 478,Sales,Chennai,20/01/2023,"₹123,086.72",Mercury,MGR106,Active,71,,
EMP1799,Employee 1027,Finance,Mumbai,26/12/2022,"174,345",Orion,MGR105,Resigned,97,,Contract
EMP1063,Employee 560,Marketing,Mumbai,Dec 28 2024,"₹82,997.26",Zenith,MGR102,Probation,68%,N/A,
EMP1289,Employee 315,Sales,Ahmedabad,14/02/2025,"104,685",Phoenix,MGR103,Resigned,,8,Contract
EMP1344,Employee 900,R&D,Ahmedabad,28/06/2024,"112,765",Orion,MGR100,Active,58,21,Contract
EMP1839,Employee 1217,Marketing,Ahmedabad,2022-06-25,"₹25,619.97",Apollo,MGR102,On Leave,57%,,Promotion Due
EMP1297,Employee 817,IT,Bengaluru,Sep 17 2022,"₹146,834.04",Atlas,MGR114,Active,95%,11,Transferred
EMP1558,Employee 297,IT,Bengaluru,30-Aug-2022,"94,178",Nova,MGR117,Resigned,62%,,Promotion Due
EMP1894,Employee 825,Finance,Chennai,14/01/2024,"₹108,952.65",Apollo,MGR113,Probation,,19,Transferred
EMP1673,Employee 592,R&D,Ahmedabad,Aug 24 2022,148711.42,Titan,MGR116,Probation,88%,,
EMP1385,Employee 890,Sales,Hyderabad,28-Jun-2022,"43,704",Nova,MGR117,Resigned,70,8,Promotion Due
EMP1890,Employee 1003,Legal,Pune,13-Oct-2023,47127.03,Orion,MGR103,Resigned,,1,Remote
EMP1921,Employee 1205,Operations,Pune,30/01/2022,"₹43,685.05",Zenith,MGR115,Resigned,,30,Transferred
EMP1026,Employee 1020,R&D,Pune,11-Nov-2024,"₹75,802.81",Phoenix,MGR104,On Leave,94,,Promotion Due
EMP1982,Employee 702,Finance,Delhi,Jun 25 2024,"82,366",Phoenix,MGR104,Probation,92,,Contract
EMP1010,Employee 975,R&D,Bengaluru,Jul 01 2023,"45,243",Apollo,MGR101,On Leave,,N/A,Remote
EMP1417,Employee 1153,Marketing,Bengaluru,26/01/2024,35785.85,Nova,MGR113,Probation,56%,,Contract
EMP1861,Employee 543,Finance,Delhi,22/06/2023,79949.41,Zenith,MGR115,Probation,87,,
EMP1771,Employee 502,Marketing,Pune,25/06/2022,58914.85,Nova,MGR111,Resigned,,11,Contract
EMP1536,Employee 353,IT,Delhi,31-Jul-2024,"126,681",Zenith,MGR111,Resigned,79,N/A,Promotion Due
EMP1587,Employee 558,IT,Pune,Mar 25 2023,"92,396",Mercury,MGR113,Probation,,10,Promotion Due
EMP1963,Employee 1285,Sales,Delhi,11-Jul-2023,"₹156,849.76",Apollo,MGR101,Active,,,
EMP1421,Employee 15,Finance,Chennai,Feb 06 2023,"₹30,532.82",Nova,MGR106,Active,99%,27,
EMP1659,Employee 1,Finance,Chennai,2024-03-29,25966.45,Apollo,MGR112,Active,,N/A,Remote
EMP1272,Employee 828,HR,Chennai,30-Jun-2023,"₹26,224.65",Apollo,MGR102,Active,56%,N/A,Promotion Due
EMP1511,Employee 994,Finance,Pune,2022-03-23,"₹156,666.66",Mercury,MGR113,On Leave,,,Contract
EMP1345,Employee 677,Legal,Mumbai,09/12/2022,"₹134,209.55",Mercury,MGR101,Active,63,21,
EMP1192,Employee 933,Finance,Hyderabad,23-May-2022,"₹163,362.58",Titan,MGR108,On Leave,95,1,Promotion Due
EMP1882,Employee 1186,Sales,Delhi,2024-07-20,"₹39,310.30",Titan,MGR119,Resigned,83,13,Remote
EMP1460,Employee 1250,Marketing,Mumbai,2022-01-29,"25,033",Orion,MGR119,Active,,,Remote
EMP1202,Employee 344,R&D,Chennai,Oct 24 2024,"₹156,295.75",Apollo,MGR118,On Leave,94,,Transferred
EMP1810,Employee 577,IT,Ahmedabad,12-Dec-2024,48078.76,Nova,MGR104,Probation,91%,,
EMP1491,Employee 761,Sales,Hyderabad,2022-07-05,"₹126,521.50",Orion,MGR105,Resigned,63%,,Promotion Due
EMP1843,Employee 449,Legal,Mumbai,30/01/2025,30764.06,Titan,MGR110,Active,84,,Remote
EMP1358,Employee 123,IT,Bengaluru,21-Sep-2022,105697.89,Atlas,MGR115,Active,97,,Promotion Due
EMP1469,Employee 195,R&D,Chennai,01-Apr-2024,"28,367",Atlas,MGR113,Resigned,96%,N/A,Promotion Due
EMP1219,Employee 1159,Marketing,Delhi,13/09/2023,"104,375",Nova,MGR101,Active,70,19,Transferred
EMP1834,Employee 695,Marketing,Pune,06-Oct-2022,"33,574",Zenith,MGR103,Resigned,,20,Contract
EMP1697,Employee 674,IT,Hyderabad,22-May-2022,"₹78,384.92",Nova,MGR115,Active,82%,,
EMP1549,Employee 1249,IT,Bengaluru,2023-11-04,30782.74,Nova,MGR105,Active,72%,25,Remote
EMP1030,Employee 1120,Operations,Bengaluru,06-May-2024,61729.75,Atlas,MGR117,Active,,16,Promotion Due
EMP1691,Employee 59,Legal,Chennai,26/03/2025,,Phoenix,MGR114,Active,97,24,Contract
EMP1411,Employee 890,IT,Bengaluru,10-Oct-2023,"115,404",Atlas,MGR103,Probation,,29,Transferred
EMP1475,Employee 908,Marketing,Delhi,03/04/2022,135242.17,Atlas,MGR114,Resigned,,N/A,Transferred
EMP1019,Employee 105,Marketing,Ahmedabad,13-Feb-2022,32960.30,Phoenix,MGR115,On Leave,57,14,Promotion Due
EMP1375,Employee 528,Operations,Mumbai,30-Nov-2023,125244.91,Atlas,MGR108,Active,75%,N/A,Promotion Due
EMP1809,Employee 131,Marketing,Chennai,16/10/2022,"₹87,347.77",Atlas,MGR113,Resigned,,N/A,Promotion Due
EMP1609,Employee 474,Finance,Bengaluru,15/03/2023,"₹48,307.70",Orion,MGR115,On Leave,,,Promotion Due
EMP1504,Employee 92,Finance,Mumbai,Jul 21 2022,165795.01,Mercury,MGR114,Active,87%,25,Contract
EMP1417,Employee 292,HR,Chennai,19-Jan-2022,"70,695",Titan,MGR118,Active,90%,13,Remote
EMP1611,Employee 1244,R&D,Hyderabad,23/10/2022,39545.05,Apollo,MGR106,Active,,,Transferred
EMP1858,Employee 622,R&D,Hyderabad,05/03/2022,"₹142,971.57",Atlas,MGR112,Probation,89%,27,
EMP1170,Employee 1202,R&D,Mumbai,2022-07-05,153742.63,Phoenix,MGR114,Active,,,Transferred
EMP1315,Employee 1020,Sales,Mumbai,May 09 2024,"122,919",Nova,MGR101,Probation,70%,,Transferred
EMP1712,Employee 188,Finance,Chennai,18-May-2022,"162,761",Nova,MGR103,Active,88%,N/A,Contract
EMP1353,Employee 39,Legal,Bengaluru,08/01/2022,64451.94,Orion,MGR116,Probation,98%,,Promotion Due
EMP1280,Employee 403,HR,Bengaluru,Jan 08 2025,"₹105,188.56",Nova,MGR111,Resigned,99%,N/A,Transferred
EMP1045,Employee 1106,Marketing,Chennai,01/03/2023,"₹147,388.83",Phoenix,MGR115,Active,79%,,Promotion Due
EMP1518,Employee 88,Operations,Chennai,26/11/2024,"₹38,765.85",Orion,MGR100,Probation,,,Transferred
EMP1543,Employee 838,HR,Ahmedabad,28-Nov-2024,"169,657",Apollo,MGR108,Probation,73,N/A,
EMP1653,Employee 790,Legal,Hyderabad,05/02/2024,120450.19,Atlas,MGR115,Active,99,N/A,Remote
EMP1154,Employee 145,Finance,Bengaluru,2024-05-30,-₹134724.39,Zenith,MGR119,Resigned,,N/A,Contract
EMP1106,Employee 1192,Operations,Bengaluru,2022-11-26,"₹71,001.29",Nova,MGR114,Resigned,97,27,Remote
EMP1121,Employee 1173,R&D,Ahmedabad,2023-10-17,"162,039",Titan,MGR107,Active,94%,9,Transferred
EMP1136,Employee 335,Sales,Pune,08/08/2024,"80,114",Titan,MGR114,On Leave,60,N/A,Contract
EMP1674,Employee 421,HR,Ahmedabad,13-May-2023,"₹101,782.76",Zenith,MGR115,Resigned,,,
EMP1552,Employee 713,Operations,Bengaluru,Jan 07 2023,"108,950",Titan,MGR114,On Leave,99%,19,Transferred
EMP1273,Employee 1043,Finance,Hyderabad,09/10/2023,"102,483",Apollo,MGR109,Active,84%,1,Transferred
EMP1607,Employee 715,IT,Hyderabad,12/01/2025,"₹127,688.95",Orion,MGR107,Probation,71%,,Remote
EMP1897,Employee 838,Finance,Chennai,Apr 06 2022,"98,027",Atlas,MGR115,Resigned,,,Transferred
EMP1982,Employee 777,IT,Bengaluru,Oct 24 2022,"₹73,435.50",Nova,MGR106,Active,83,N/A,Remote
EMP1981,Employee 1042,Legal,Pune,2024-04-13,"81,350",Atlas,MGR116,On Leave,,23,Transferred
EMP1842,Employee 13,Marketing,Mumbai,09-Sep-2023,"₹157,347.43",Phoenix,MGR113,On Leave,80,0,Promotion Due
EMP1156,Employee 692,IT,Ahmedabad,2023-02-23,"92,683",Atlas,MGR115,On Leave,91,N/A,Remote
EMP1731,Employee 293,R&D,Ahmedabad,2024-06-18,"67,986",Nova,MGR117,Probation,,N/A,Contract
EMP1356,Employee 533,Marketing,Mumbai,2023-09-28,158365.37,Mercury,MGR114,Probation,,,
EMP1993,Employee 434,Finance,Hyderabad,2022-11-23,"112,997",Titan,MGR119,Probation,63%,N/A,
EMP1400,Employee 707,Legal,Bengaluru,13-Oct-2023,85189.31,Titan,MGR115,Active,,N/A,
EMP1994,Employee 823,Legal,Bengaluru,2023-11-14,"65,528",Atlas,MGR114,Active,83%,25,Transferred
EMP1069,Employee 571,Legal,Chennai,Mar 12 2024,"₹99,011.70",Mercury,MGR114,Active,57%,24,Contract
EMP1707,Employee 1234,Marketing,Delhi,2022-06-02,"137,192",Orion,MGR119,On Leave,,,Transferred
EMP1909,Employee 818,Marketing,Hyderabad,Feb 04 2022,,Mercury,MGR119,On Leave,,N/A,Transferred
EMP1166,Employee 1022,HR,Delhi,26-Dec-2023,135679.23,Phoenix,MGR111,Active,,,Promotion Due
EMP1431,Employee 992,HR,Bengaluru,09/05/2024,"154,695",Zenith,MGR104,On Leave,,4,Remote
EMP1361,Employee 1252,Marketing,Chennai,2024-08-30,"₹29,547.74",Atlas,MGR104,Probation,85,10,Remote
EMP1550,Employee 1121,HR,Ahmedabad,24-Oct-2023,"₹99,506.80",Nova,MGR115,On Leave,,,Promotion Due
EMP1225,Employee 1067,R&D,Pune,Jan 13 2022,"₹33,990.98",Apollo,MGR106,On Leave,,,
EMP1651,Employee 1223,Sales,Ahmedabad,2024-04-23,"105,319",Atlas,MGR107,Resigned,76%,27,Transferred
EMP1894,Employee 379,Finance,Chennai,Apr 18 2023,"₹46,149.24",Titan,MGR105,Resigned,83,4,Remote
EMP1192,Employee 1011,HR,Pune,21-Jan-2025,"29,700",Atlas,MGR115,Resigned,82,,Contract
EMP1411,Employee 1269,R&D,Bengaluru,Feb 19 2024,"178,757",Mercury,MGR114,Resigned,60,2,
EMP1077,Employee 1216,Operations,Hyderabad,30/08/2023,"₹70,195.53",Phoenix,MGR104,Active,91,7,Remote
EMP1121,Employee 358,IT,Delhi,2024-03-10,"178,939",Titan,MGR113,On Leave,94%,,Promotion Due
EMP1223,Employee 301,HR,Bengaluru,Sep 01 2022,"₹48,060.67",Orion,MGR119,Probation,78%,22,Promotion Due
EMP1158,Employee 1217,Sales,Chennai,11/06/2024,"₹133,197.03",Apollo,MGR118,Probation,93,,
EMP1049,Employee 421,Marketing,Pune,06-Jan-2023,"₹120,142.43",Zenith,MGR116,Active,67%,,Promotion Due
EMP1046,Employee 866,Legal,Bengaluru,27-Oct-2024,41839.63,Apollo,MGR114,On Leave,61%,26,Remote
EMP1331,Employee 960,Marketing,Ahmedabad,Dec 12 2024,"₹79,126.89",Zenith,MGR114,On Leave,63,,Contract
EMP1868,Employee 239,Legal,Mumbai,2024-09-11,"90,865",Atlas,MGR115,Resigned,78,N/A,
EMP1866,Employee 1272,Operations,Pune,Nov 18 2022,"112,110",Atlas,MGR118,Resigned,,17,
EMP1081,Employee 956,R&D,Delhi,31/07/2024,59194.89,Nova,MGR109,Active,57,N/A,Remote
EMP1560,Employee 1041,R&D,Ahmedabad,2024-12-27,60802.54,Nova,MGR117,On Leave,92%,,Transferred
EMP1934,Employee 1135,Finance,Ahmedabad,27-Mar-2025,90515.14,Titan,MGR104,Active,80%,,Remote
EMP1200,Employee 967,Marketing,Pune,06-Apr-2022,"79,337",Zenith,MGR112,Probation,78%,,Remote
EMP1322,Employee 561,Finance,Pune,Jul 07 2024,78795.40,Phoenix,MGR101,Active,83,N/A,Remote
EMP1303,Employee 604,Sales,Mumbai,04/10/2023,"40,757",Zenith,MGR105,Active,69%,N/A,Contract
EMP1382,Employee 536,Sales,Delhi,Nov 18 2023,"138,311",Zenith,MGR107,On Leave,59,N/A,
EMP1276,Employee 1143,HR,Pune,2022-04-08,"50,150",Apollo,MGR102,Probation,96%,,Transferred
EMP1913,Employee 1227,R&D,Mumbai,2024-05-31,"₹124,976.35",Orion,MGR116,Resigned,,13,Remote
EMP1336,Employee 350,Marketing,Mumbai,27/02/2022,103005.82,Titan,MGR106,Resigned,89,N/A,Transferred
EMP1434,Employee 635,HR,Ahmedabad,16-Jan-2024,162319.39,Apollo,MGR116,Probation,93%,N/A,Promotion Due
EMP1353,Employee 824,Sales,Mumbai,08-Apr-2025,145427.14,Phoenix,MGR103,Probation,65%,,Transferred
EMP1664,Employee 1014,R&D,Delhi,10/03/2023,"74,135",Phoenix,MGR117,Active,,,Transferred
EMP1867,Employee 931,Sales,Ahmedabad,Apr 09 2023,98430.63,Orion,MGR106,Resigned,,N/A,
EMP1356,Employee 934,Legal,Delhi,29-Aug-2024,"43,745",Orion,MGR102,Probation,,7,Remote
EMP1379,Employee 777,Operations,Ahmedabad,19-Jan-2024,171714.42,Phoenix,MGR115,Probation,100%,11,Contract
EMP1668,Employee 1207,IT,Hyderabad,20-Jun-2023,"₹102,247.34",Zenith,MGR119,Resigned,,N/A,Remote
EMP1083,Employee 516,HR,Ahmedabad,Sep 29 2023,"74,000",Phoenix,MGR103,Active,,,
EMP1329,Employee 402,IT,Chennai,18/07/2024,-₹110120.92,Mercury,MGR117,Active,76%,11,Contract
EMP1276,Employee 30,Marketing,Bengaluru,2023-08-27,"₹141,267.91",Phoenix,MGR104,Resigned,,N/A,Promotion Due
EMP1124,Employee 271,Marketing,Chennai,20-Mar-2022,"₹79,423.42",Nova,MGR105,Resigned,73,N/A,Contract
EMP1511,Employee 1238,Sales,Ahmedabad,14/03/2023,"35,203",Zenith,MGR114,Probation,,27,Promotion Due
EMP1216,Employee 928,Marketing,Hyderabad,2023-10-17,"43,383",Mercury,MGR115,Resigned,59,14,Promotion Due
EMP1826,Employee 262,Sales,Hyderabad,02/04/2022,96233.70,Apollo,MGR115,Resigned,,N/A,Remote
EMP1345,Employee 1196,Marketing,Chennai,16/12/2022,"₹144,641.11",Phoenix,MGR104,Probation,94%,,Remote
EMP1533,Employee 1212,Operations,Mumbai,Jan 23 2023,"152,577",Nova,MGR119,Active,,N/A,
EMP1646,Employee 116,IT,Delhi,Nov 17 2023,"₹108,661.20",Mercury,MGR111,Active,,19,
EMP1230,Employee 232,IT,Chennai,05/12/2023,"169,214",Phoenix,MGR108,On Leave,93,,Remote
EMP1974,Employee 717,Sales,Hyderabad,19-Jul-2023,178108.72,Orion,MGR115,On Leave,,N/A,Remote
EMP1085,Employee 1156,Marketing,Mumbai,26-Feb-2024,"179,303",Mercury,MGR110,Active,80%,5,Transferred
EMP1465,Employee 882,Legal,Chennai,13/09/2023,"₹47,824.71",Orion,MGR108,Resigned,95,N/A,
EMP1220,Employee 591,IT,Bengaluru,23-Feb-2024,112761.95,Titan,MGR109,Resigned,55,N/A,Contract
EMP1837,Employee 594,R&D,Chennai,05-Sep-2024,139563.32,Phoenix,MGR113,On Leave,98,29,Promotion Due
EMP1997,Employee 417,IT,Pune,27/02/2023,"26,610",Nova,MGR108,Resigned,,N/A,
EMP1258,Employee 1068,Legal,Mumbai,20/02/2024,"₹95,556.17",Apollo,MGR108,On Leave,85%,,Promotion Due
EMP1103,Employee 484,HR,Ahmedabad,Nov 02 2022,42636.79,Nova,MGR116,On Leave,91,N/A,Promotion Due
EMP1411,Employee 1269,R&D,Bengaluru,Feb 19 2024,"178,757",Mercury,MGR114,Resigned,60,2,
EMP1198,Employee 347,Operations,Mumbai,2024-09-19,"₹137,316.54",Atlas,MGR111,Active,,11,Contract
EMP1515,Employee 1098,Marketing,Bengaluru,Feb 13 2023,"62,251",Nova,MGR109,Resigned,82,N/A,Remote
EMP1625,Employee 249,R&D,Pune,2023-01-22,"158,488",Apollo,MGR105,On Leave,79%,10,Promotion Due
EMP1044,Employee 836,IT,Bengaluru,2022-11-15,50505.37,Apollo,MGR116,Resigned,,,Transferred
EMP1339,Employee 194,Marketing,Pune,2022-01-23,"₹152,618.50",Orion,MGR109,Active,63%,N/A,
EMP1256,Employee 1212,Finance,Ahmedabad,20/01/2025,63956.26,Phoenix,MGR119,Resigned,,22,
EMP1326,Employee 1129,Marketing,Bengaluru,18-Jun-2023,132174.17,Orion,MGR101,Resigned,75,8,Promotion Due
EMP1569,Employee 516,Legal,Ahmedabad,Nov 12 2024,"₹48,646.59",Nova,MGR114,Active,98%,20,Promotion Due
EMP1029,Employee 841,Operations,Mumbai,06-Dec-2023,"₹37,614.66",Mercury,MGR112,Active,,6,
EMP1171,Employee 394,Operations,Delhi,27-Oct-2023,"100,177",Phoenix,MGR109,Active,70%,,Promotion Due
EMP1801,Employee 1139,HR,Ahmedabad,29/12/2023,"105,914",Phoenix,MGR104,On Leave,78,,
EMP1311,Employee 1043,Operations,Hyderabad,2023-03-24,151315.65,Orion,MGR116,Resigned,,N/A,Promotion Due
EMP1103,Employee 151,Legal,Pune,Aug 17 2023,"₹148,599.48",Mercury,MGR112,On Leave,96%,N/A,Promotion Due
EMP1532,Employee 770,HR,Pune,19-Jun-2023,"40,753",Titan,MGR107,Active,,20,Transferred
EMP1439,Employee 131,R&D,Hyderabad,13/09/2024,110939.76,Mercury,MGR100,On Leave,,N/A,Promotion Due
EMP1673,Employee 121,IT,Pune,03/03/2022,"₹68,504.34",Mercury,MGR101,Active,74%,,
EMP1130,Employee 1262,HR,Mumbai,21-Apr-2022,"₹147,133.95",Atlas,MGR106,Resigned,78,,Transferred
EMP1281,Employee 6,R&D,Mumbai,2022-02-10,"176,293",Phoenix,MGR118,On Leave,69%,3,
EMP1968,Employee 1212,IT,Bengaluru,05/10/2024,155168.70,Titan,MGR110,Probation,70%,,
EMP1932,Employee 509,Sales,Ahmedabad,06/06/2022,"80,938",Mercury,MGR107,Probation,,27,
EMP1969,Employee 15,Marketing,Hyderabad,04/03/2023,36135.25,Mercury,MGR110,On Leave,74%,4,Remote
EMP1094,Employee 140,Finance,Hyderabad,22-Jun-2022,"₹49,445.08",Titan,MGR101,On Leave,82,,Promotion Due
EMP1435,Employee 636,IT,Pune,01-Jul-2023,72920.71,Titan,MGR107,On Leave,67,13,
EMP1353,Employee 1263,HR,Mumbai,Jan 01 2024,"₹32,477.15",Zenith,MGR104,Resigned,,N/A,Promotion Due
EMP1717,Employee 442,IT,Bengaluru,2022-09-30,53029.82,Nova,MGR118,Active,,26,
EMP1993,Employee 730,R&D,Hyderabad,Mar 07 2024,51354.40,Orion,MGR101,Resigned,71,11,Transferred
EMP1782,Employee 846,Operations,Pune,Feb 22 2024,"₹92,046.54",Phoenix,MGR107,On Leave,63%,,Contract
EMP1620,Employee 175,R&D,Pune,2024-05-29,"₹60,300.07",Zenith,MGR102,Active,77,N/A,Contract
EMP1521,Employee 64,IT,Ahmedabad,26-Nov-2023,"50,016",Orion,MGR102,Probation,,,Transferred
EMP1243,Employee 1247,Legal,Ahmedabad,07/01/2023,"101,898",Apollo,MGR101,Resigned,,N/A,Remote
EMP1552,Employee 593,IT,Delhi,2024-07-23,"129,756",Mercury,MGR107,Active,99%,25,Contract
EMP1360,Employee 24,IT,Delhi,Mar 06 2022,"90,116",Nova,MGR109,Probation,,N/A,Remote
EMP1885,Employee 446,Finance,Hyderabad,13-Feb-2025,177014.39,Orion,MGR101,On Leave,95%,N/A,
EMP1588,Employee 1296,IT,Pune,10/06/2024,"67,086",Atlas,MGR108,Active,,N/A,Promotion Due
EMP1248,Employee 1060,IT,Ahmedabad,2022-03-18,"₹66,884.49",Orion,MGR103,Resigned,88%,27,Contract
EMP1084,Employee 214,IT,Pune,22-Aug-2023,57108.86,Orion,MGR119,Resigned,56,3,
EMP1267,Employee 198,Marketing,Delhi,2023-06-09,-₹27149.93,Nova,MGR103,Active,,N/A,Remote
EMP1769,Employee 338,Legal,Hyderabad,18/12/2024,"157,528",Atlas,MGR116,Resigned,,12,Transferred
EMP1037,Employee 862,Sales,Ahmedabad,01-Oct-2023,"94,577",Orion,MGR103,Resigned,70,2,
EMP1935,Employee 349,Operations,Ahmedabad,13/10/2023,"66,115",Titan,MGR108,Probation,,,Promotion Due
EMP1974,Employee 234,Operations,Ahmedabad,28-Aug-2024,65950.57,Atlas,MGR108,On Leave,92,N/A,Transferred
EMP1402,Employee 653,Legal,Delhi,16/11/2023,65323.17,Orion,MGR106,Resigned,,22,Transferred
EMP1843,Employee 814,Marketing,Chennai,2024-12-04,136669.91,Titan,MGR115,Active,60%,,Remote
EMP1809,Employee 131,Marketing,Chennai,16/10/2022,"₹87,347.77",Atlas,MGR113,Resigned,,N/A,Promotion Due
EMP1293,Employee 301,Operations,Pune,08-Jun-2022,32087.81,Atlas,MGR104,Probation,94%,6,Contract
EMP1523,Employee 16,Legal,Pune,13-Dec-2023,"120,108",Titan,MGR117,Active,88%,14,Promotion Due
EMP1382,Employee 635,R&D,Mumbai,Dec 18 2023,"137,517",Mercury,MGR101,Active,60%,21,Transferred
EMP1513,Employee 948,Finance,Delhi,2022-07-21,136977.59,Apollo,MGR106,Resigned,,,Contract
EMP1152,Employee 1053,Finance,Mumbai,2023-04-23,81655.98,Orion,MGR112,Resigned,60%,,Transferred
EMP1783,Employee 736,Finance,Hyderabad,2022-03-16,"159,824",Orion,MGR101,Resigned,81%,29,Remote
EMP1533,Employee 591,Finance,Hyderabad,2022-01-29,"₹137,640.55",Nova,MGR117,Active,76%,29,Promotion Due
EMP1899,Employee 251,Operations,Ahmedabad,Feb 18 2022,"₹132,771.60",Mercury,MGR110,Active,89%,17,
EMP1684,Employee 1040,HR,Bengaluru,26-Jun-2022,"80,387",Mercury,MGR101,Active,59%,29,Transferred
EMP1043,Employee 147,Legal,Ahmedabad,2023-06-13,110904.74,Mercury,MGR102,Active,59%,,Remote
EMP1712,Employee 589,HR,Ahmedabad,2023-01-02,"40,519",Mercury,MGR104,Active,84,N/A,
EMP1103,Employee 544,IT,Bengaluru,08-Feb-2025,"₹117,597.27",Apollo,MGR112,On Leave,,,Contract
EMP1159,Employee 1240,Legal,Mumbai,20-Jun-2023,75916.76,Phoenix,MGR118,Active,83,N/A,Promotion Due
EMP1878,Employee 422,R&D,Delhi,2024-04-03,"₹151,368.76",Nova,MGR107,Probation,93%,,Remote
EMP1042,Employee 350,Operations,Chennai,20-Jan-2025,"101,112",Nova,MGR109,Active,56%,N/A,Remote
EMP1387,Employee 412,HR,Pune,2024-01-13,"₹65,076.80",Mercury,MGR106,Probation,,N/A,
EMP1994,Employee 46,Marketing,Pune,2024-11-23,103648.29,Titan,MGR102,On Leave,62,,Remote
EMP1280,Employee 859,Sales,Delhi,2024-05-07,,Zenith,MGR102,Probation,,N/A,Transferred
EMP1482,Employee 1245,Operations,Pune,2025-01-24,148807.63,Titan,MGR107,Probation,83%,,Transferred
EMP1391,Employee 48,Legal,Mumbai,2023-08-09,"₹81,388.99",Atlas,MGR112,Resigned,,,
EMP1668,Employee 318,Sales,Bengaluru,30/06/2022,-₹39216.96,Nova,MGR101,Active,,,Promotion Due
EMP1929,Employee 403,Legal,Delhi,Mar 10 2024,"151,069",Phoenix,MGR106,Probation,,22,Promotion Due
EMP1961,Employee 430,Finance,Ahmedabad,2025-02-03,120744.06,Phoenix,MGR105,Active,77,N/A,Promotion Due
EMP1392,Employee 1270,R&D,Hyderabad,Apr 27 2022,"₹51,649.37",Phoenix,MGR114,Active,,26,Contract
EMP1644,Employee 962,Sales,Mumbai,Feb 18 2024,112511.09,Zenith,MGR113,Active,70,,Contract
EMP1506,Employee 1185,Sales,Mumbai,2022-05-19,"125,329",Titan,MGR107,On Leave,,N/A,Promotion Due
EMP1914,Employee 194,Operations,Delhi,2024-07-10,153058.14,Zenith,MGR103,Resigned,,,
EMP1726,Employee 1171,Operations,Mumbai,2024-07-11,"148,150",Titan,MGR118,On Leave,71%,,Remote
EMP1875,Employee 1214,HR,Hyderabad,2022-10-18,43453.18,Apollo,MGR115,Active,60%,N/A,Transferred
EMP1608,Employee 268,Legal,Delhi,Dec 02 2023,,Phoenix,MGR109,Resigned,70%,5,Contract
EMP1530,Employee 965,Finance,Hyderabad,2022-12-04,"₹27,690.36",Titan,MGR104,Probation,,8,Contract
EMP1550,Employee 353,IT,Mumbai,12-Sep-2022,"159,145",Zenith,MGR104,Active,60%,,Remote
EMP1699,Employee 365,Legal,Hyderabad,03-Sep-2022,"63,964",Orion,MGR119,On Leave,,,Remote
EMP1444,Employee 446,HR,Delhi,14/11/2024,"₹138,007.81",Zenith,MGR105,Probation,62,30,Contract
EMP1176,Employee 1285,Marketing,Bengaluru,10-Dec-2023,63469.69,Nova,MGR115,Probation,77,N/A,Transferred
EMP1995,Employee 84,Marketing,Ahmedabad,Jan 26 2022,"₹140,356.52",Mercury,MGR109,Resigned,,N/A,Transferred
EMP1786,Employee 1198,R&D,Chennai,2023-07-26,"₹166,362.55",Mercury,MGR110,Resigned,71,,Transferred
EMP1504,Employee 92,Finance,Mumbai,Jul 21 2022,165795.01,Mercury,MGR114,Active,87%,25,Contract
EMP1935,Employee 2,Marketing,Chennai,Mar 17 2023,-₹174419.56,Apollo,MGR105,Active,95%,N/A,Remote
EMP1172,Employee 663,R&D,Pune,2022-01-12,"68,763",Titan,MGR106,On Leave,94,,Contract
EMP1503,Employee 110,Sales,Bengaluru,20/03/2024,"55,743",Atlas,MGR117,Probation,96,,Contract
EMP1891,Employee 1015,Legal,Chennai,06/08/2022,130625.81,Orion,MGR112,Probation,,N/A,Transferred
EMP1419,Employee 76,IT,Mumbai,2023-07-24,"₹147,241.97",Apollo,MGR103,Probation,56,,Promotion Due
EMP1185,Employee 717,IT,Delhi,2024-05-26,"64,639",Phoenix,MGR119,Resigned,71%,22,Remote
EMP1218,Employee 244,Legal,Ahmedabad,2024-05-16,28576.95,Mercury,MGR108,On Leave,,,Promotion Due
EMP1283,Employee 228,Finance,Chennai,05/02/2025,"₹55,135.70",Atlas,MGR114,Resigned,63%,,Remote
EMP1160,Employee 173,Operations,Pune,Aug 11 2022,155546.70,Phoenix,MGR119,Resigned,62%,9,Contract
EMP1918,Employee 213,Legal,Pune,Dec 18 2024,"₹74,180.90",Titan,MGR111,Resigned,,10,Transferred
EMP1128,Employee 345,Sales,Hyderabad,Sep 03 2023,"39,731",Titan,MGR101,Active,59%,,Transferred
EMP1999,Employee 776,Sales,Delhi,May 24 2024,76260.93,Phoenix,MGR113,Probation,,9,Remote
EMP1718,Employee 1274,Operations,Delhi,08/08/2022,"₹103,762.61",Orion,MGR113,Probation,60,N/A,Remote
EMP1464,Employee 225,Marketing,Pune,20/09/2024,125807.43,Apollo,MGR107,Resigned,,N/A,Promotion Due
EMP1113,Employee 420,Sales,Hyderabad,Mar 10 2024,178003.85,Atlas,MGR107,Probation,,7,Promotion Due
EMP1572,Employee 1252,Legal,Bengaluru,May 21 2023,"57,663",Atlas,MGR111,On Leave,,29,
EMP1342,Employee 356,Operations,Chennai,20-Jan-2022,124387.28,Zenith,MGR117,On Leave,,11,Contract
EMP1314,Employee 115,Legal,Pune,2023-06-21,64569.90,Titan,MGR109,On Leave,92,N/A,Promotion Due
EMP1299,Employee 143,HR,Delhi,2023-12-18,"₹115,839.33",Phoenix,MGR113,On Leave,,,Remote
EMP1072,Employee 19,R&D,Mumbai,Jun 02 2022,"₹38,487.32",Atlas,MGR109,On Leave,73,,Promotion Due
EMP1687,Employee 915,Operations,Ahmedabad,07-Sep-2024,"43,618",Atlas,MGR113,On Leave,,,Remote
EMP1774,Employee 693,Legal,Hyderabad,14/01/2024,"₹77,951.98",Nova,MGR113,Resigned,,14,Contract
EMP1053,Employee 524,Sales,Hyderabad,15/06/2024,"₹141,041.87",Zenith,MGR115,Active,,N/A,Remote
EMP1456,Employee 38,R&D,Delhi,15-Oct-2024,"₹168,887.37",Apollo,MGR114,Probation,72%,,
EMP1410,Employee 147,Operations,Chennai,2022-09-06,"165,720",Nova,MGR106,On Leave,,,Remote
EMP1257,Employee 1210,R&D,Mumbai,15-Dec-2024,"69,971",Zenith,MGR116,Resigned,71%,,Promotion Due
EMP1142,Employee 183,R&D,Bengaluru,Mar 21 2024,"₹132,433.67",Orion,MGR117,Resigned,,,Transferred
EMP1311,Employee 637,HR,Hyderabad,2024-01-04,"₹31,970.93",Phoenix,MGR113,Resigned,57,,Transferred
EMP1694,Employee 1116,HR,Hyderabad,23-May-2022,"30,294",Atlas,MGR115,Active,,,Promotion Due
EMP1318,Employee 717,Finance,Pune,19/02/2025,"₹148,082.69",Zenith,MGR111,On Leave,,,
EMP1130,Employee 662,Legal,Delhi,2024-05-08,135311.58,Nova,MGR107,Probation,79%,23,Transferred
EMP1087,Employee 1030,Marketing,Chennai,18/08/2024,"₹27,912.73",Phoenix,MGR108,Active,,N/A,Remote
EMP1774,Employee 693,Legal,Hyderabad,14/01/2024,"₹77,951.98",Nova,MGR113,Resigned,,14,Contract
EMP1146,Employee 287,Legal,Bengaluru,2022-08-30,144463.05,Apollo,MGR103,Resigned,81%,N/A,
EMP1627,Employee 599,R&D,Chennai,Dec 03 2024,"₹159,049.94",Nova,MGR109,Active,86%,N/A,Remote
EMP1036,Employee 15,IT,Delhi,2023-11-20,"₹82,515.19",Orion,MGR104,Probation,88%,N/A,Promotion Due
EMP1057,Employee 38,R&D,Pune,Aug 27 2023,58337.36,Phoenix,MGR119,Active,58,,Transferred
EMP1623,Employee 268,Legal,Bengaluru,19/03/2025,"128,216",Nova,MGR111,Active,61%,N/A,
EMP1302,Employee 555,Legal,Mumbai,28-Mar-2025,116171.31,Zenith,MGR105,Probation,91%,18,Transferred
EMP1659,Employee 402,Marketing,Mumbai,12/05/2024,"₹148,845.41",Nova,MGR107,Active,58,N/A,
EMP1184,Employee 1264,HR,Mumbai,2024-10-10,"88,515",Phoenix,MGR115,Active,64,N/A,Promotion Due
EMP1190,Employee 1235,Marketing,Ahmedabad,07/03/2022,"₹137,772.14",Zenith,MGR101,Resigned,,26,Promotion Due
EMP1262,Employee 698,HR,Chennai,10/03/2022,"59,081",Mercury,MGR103,On Leave,83,10,Remote
EMP1844,Employee 555,Legal,Chennai,11-Mar-2025,"147,188",Zenith,MGR113,On Leave,99%,,Remote
EMP1208,Employee 645,R&D,Mumbai,13/03/2024,,Nova,MGR103,On Leave,88,9,Promotion Due
EMP1543,Employee 903,Operations,Mumbai,2023-05-05,103730.51,Phoenix,MGR102,On Leave,,14,Remote
EMP1593,Employee 232,Sales,Delhi,11-Nov-2024,37218.90,Zenith,MGR118,Probation,,,
EMP1855,Employee 785,Operations,Mumbai,27-Nov-2023,"₹63,885.13",Phoenix,MGR101,Resigned,,,Transferred
EMP1151,Employee 849,Operations,Ahmedabad,20-Jun-2024,"92,010",Mercury,MGR114,Resigned,69%,N/A,
EMP1773,Employee 916,Marketing,Mumbai,31/07/2024,"₹111,181.78",Orion,MGR113,On Leave,97%,9,Remote
EMP1531,Employee 794,R&D,Hyderabad,2024-11-01,"₹25,205.00",Phoenix,MGR119,On Leave,60,9,Remote
EMP1972,Employee 852,IT,Delhi,12-Feb-2023,79886.80,Phoenix,MGR100,Active,87,,Promotion Due
EMP1158,Employee 1008,IT,Pune,Jan 11 2022,"128,010",Atlas,MGR115,On Leave,,9,Transferred
EMP1492,Employee 411,Finance,Hyderabad,13-Feb-2022,"₹102,813.96",Atlas,MGR113,Probation,77%,N/A,Promotion Due
EMP1207,Employee 23,Legal,Delhi,2024-07-11,"₹171,929.84",Zenith,MGR108,On Leave,59%,,
EMP1191,Employee 562,Finance,Mumbai,21/03/2025,"133,810",Titan,MGR115,Probation,87,9,Promotion Due
EMP1336,Employee 877,Operations,Ahmedabad,2023-11-27,65931.20,Phoenix,MGR112,Active,74,16,Transferred
EMP1482,Employee 308,Operations,Mumbai,2023-10-16,"₹135,710.49",Mercury,MGR112,Probation,71%,15,Contract
EMP1036,Employee 1272,Marketing,Delhi,14/06/2022,63450.15,Orion,MGR114,On Leave,,N/A,
EMP1578,Employee 706,HR,Ahmedabad,25-Dec-2024,"144,141",Atlas,MGR116,Probation,,,Remote
EMP1443,Employee 132,Legal,Bengaluru,2023-08-13,94527.24,Mercury,MGR104,On Leave,73,N/A,Remote
EMP1641,Employee 1165,Marketing,Mumbai,Aug 29 2024,98041.93,Phoenix,MGR113,Resigned,,17,Remote
EMP1673,Employee 200,Marketing,Bengaluru,27/09/2022,"₹145,887.68",Mercury,MGR101,Probation,,,Contract
EMP1517,Employee 448,Operations,Pune,25/10/2022,"₹48,829.74",Apollo,MGR103,Active,99,N/A,Remote
EMP1006,Employee 45,IT,Hyderabad,12-Oct-2024,136569.02,Orion,MGR107,Probation,78%,,Contract
EMP1888,Employee 1195,Finance,Delhi,Jan 03 2023,120021.09,Apollo,MGR106,Resigned,78%,N/A,Remote
EMP1534,Employee 554,R&D,Hyderabad,01/11/2023,110353.09,Mercury,MGR100,Resigned,,30,Remote
EMP1677,Employee 918,Legal,Hyderabad,17/11/2022,"52,340",Titan,MGR107,Probation,93%,3,Promotion Due
EMP1011,Employee 731,Sales,Chennai,Oct 01 2024,"₹57,584.82",Orion,MGR110,Active,89,N/A,Promotion Due
EMP1528,Employee 308,R&D,Chennai,25-Aug-2022,"123,603",Phoenix,MGR114,Resigned,57,,Contract
EMP1139,Employee 1015,HR,Bengaluru,May 20 2024,40208.93,Atlas,MGR111,Resigned,79%,16,
EMP1411,Employee 1176,R&D,Hyderabad,2023-05-31,107563.85,Phoenix,MGR111,Probation,96%,N/A,
EMP1522,Employee 1191,R&D,Mumbai,2022-03-06,"₹149,659.34",Nova,MGR110,On Leave,84%,17,Promotion Due
EMP1655,Employee 822,Legal,Mumbai,2024-11-06,43866.45,Orion,MGR113,Active,,20,Transferred
EMP1524,Employee 1218,Finance,Bengaluru,2024-05-09,82010.08,Titan,MGR100,Probation,76,,Remote
EMP1864,Employee 825,Finance,Pune,May 10 2022,49523.37,Phoenix,MGR113,Probation,57,,Promotion Due
EMP1876,Employee 1145,R&D,Delhi,14/01/2024,"175,107",Atlas,MGR106,Active,,,Promotion Due
EMP1275,Employee 724,Finance,Ahmedabad,2025-02-14,176037.50,Apollo,MGR102,On Leave,69,27,Transferred
EMP1935,Employee 349,Operations,Ahmedabad,13/10/2023,"66,115",Titan,MGR108,Probation,,,Promotion Due
EMP1530,Employee 126,Sales,Delhi,29-Sep-2022,35934.42,Orion,MGR104,Probation,62%,30,
EMP1183,Employee 667,Finance,Bengaluru,2022-09-27,"₹174,994.77",Mercury,MGR103,On Leave,56%,2,Remote
EMP1472,Employee 566,Operations,Delhi,Aug 17 2024,"109,645",Orion,MGR118,Active,88,18,Transferred
EMP1910,Employee 868,HR,Hyderabad,Jun 01 2023,27247.76,Mercury,MGR107,Probation,68,,Contract
EMP1592,Employee 1117,Operations,Pune,2024-05-13,"₹65,950.40",Orion,MGR103,On Leave,,,
EMP1297,Employee 836,Finance,Pune,29-May-2022,72284.13,Mercury,MGR107,Resigned,,,Remote
EMP1750,Employee 894,Legal,Hyderabad,04/01/2024,44123.42,Nova,MGR109,Resigned,61,,Transferred
EMP1631,Employee 797,R&D,Ahmedabad,17/05/2023,"₹139,642.33",Zenith,MGR112,Active,,19,Contract
EMP1148,Employee 173,R&D,Bengaluru,17/12/2022,"₹48,061.46",Atlas,MGR109,On Leave,57%,N/A,Transferred
EMP1105,Employee 290,R&D,Mumbai,27-Mar-2025,"84,160",Orion,MGR106,Probation,68,,Contract
EMP1297,Employee 141,Sales,Mumbai,Jul 02 2022,"₹59,378.43",Orion,MGR114,Active,58%,,Promotion Due
EMP1839,Employee 554,Marketing,Mumbai,May 04 2022,"113,212",Titan,MGR114,Resigned,100%,,Contract
EMP1993,Employee 946,Operations,Mumbai,07/08/2023,120545.89,Zenith,MGR116,Probation,,,Transferred
EMP1402,Employee 1037,Finance,Delhi,13-Jun-2024,92998.95,Phoenix,MGR106,On Leave,,,Contract
EMP1538,Employee 253,HR,Ahmedabad,Jan 31 2022,113105.95,Orion,MGR103,Probation,97%,,Promotion Due
EMP1311,Employee 719,HR,Pune,2024-03-17,"55,850",Atlas,MGR116,Resigned,79%,,Transferred
EMP1379,Employee 1215,Legal,Hyderabad,23/03/2024,"106,902",Orion,MGR111,Active,,N/A,Remote
EMP1641,Employee 828,Operations,Mumbai,2024-03-25,"₹133,660.58",Apollo,MGR106,Active,,26,Transferred
EMP1154,Employee 396,R&D,Hyderabad,Feb 25 2023,"49,680",Orion,MGR111,Probation,55,,
EMP1177,Employee 2,Sales,Bengaluru,08/07/2024,87094.72,Atlas,MGR101,Active,69,N/A,Promotion Due
EMP1506,Employee 122,HR,Mumbai,Nov 01 2023,120488.81,Phoenix,MGR110,On Leave,,,Contract
EMP1701,Employee 737,R&D,Pune,24-Dec-2023,85987.50,Titan,MGR100,On Leave,,20,Remote
EMP1754,Employee 925,Legal,Hyderabad,2023-07-18,"₹96,135.52",Nova,MGR106,On Leave,69%,N/A,Promotion Due
EMP1051,Employee 579,Sales,Bengaluru,15-Apr-2022,"91,857",Atlas,MGR103,Resigned,,,
EMP1799,Employee 383,IT,Mumbai,16-Jul-2024,137949.98,Titan,MGR101,Probation,61,N/A,
EMP1295,Employee 233,Operations,Ahmedabad,2024-01-07,"₹149,345.76",Apollo,MGR109,On Leave,82%,N/A,Remote
EMP1442,Employee 1223,R&D,Bengaluru,2023-02-16,"₹86,463.94",Zenith,MGR107,Resigned,90%,N/A,Promotion Due
EMP1428,Employee 169,Legal,Chennai,2022-10-19,"108,121",Zenith,MGR106,On Leave,85,N/A,Promotion Due
EMP1053,Employee 536,Legal,Bengaluru,2024-05-31,51137.99,Nova,MGR110,Probation,61%,N/A,Transferred
EMP1694,Employee 584,Finance,Mumbai,2024-02-01,"₹110,493.70",Apollo,MGR105,Resigned,83,N/A,Transferred
EMP1880,Employee 448,Operations,Hyderabad,06/08/2022,140954.22,Orion,MGR104,On Leave,56,21,Transferred
EMP1001,Employee 150,Sales,Hyderabad,2023-02-16,"₹133,551.89",Nova,MGR102,Resigned,,N/A,Promotion Due
EMP1305,Employee 924,IT,Delhi,04-Jun-2024,"₹61,957.29",Apollo,MGR104,On Leave,55%,N/A,Transferred
EMP1627,Employee 115,HR,Chennai,2023-06-03,112649.33,Zenith,MGR107,Probation,,28,Remote
EMP1543,Employee 903,Operations,Mumbai,2023-05-05,103730.51,Phoenix,MGR102,On Leave,,14,Remote
EMP1415,Employee 1293,Marketing,Bengaluru,05/09/2022,"96,729",Nova,MGR102,Active,91,,
EMP1755,Employee 273,IT,Pune,2023-05-01,"₹55,064.73",Phoenix,MGR106,Active,,,
EMP1536,Employee 347,Finance,Chennai,19/12/2022,"₹126,104.45",Zenith,MGR109,Resigned,57,26,Transferred
EMP1231,Employee 650,HR,Delhi,29/12/2022,"₹109,644.33",Zenith,MGR117,On Leave,70,N/A,Contract
EMP1061,Employee 1022,HR,Ahmedabad,2022-08-18,"₹28,039.09",Apollo,MGR103,Resigned,68,19,
EMP1445,Employee 961,IT,Ahmedabad,Oct 05 2023,"156,401",Apollo,MGR104,Active,,N/A,Transferred
EMP1274,Employee 1117,Sales,Bengaluru,09/03/2024,"₹31,879.71",Apollo,MGR108,Probation,98,22,Transferred
EMP1992,Employee 244,IT,Mumbai,01-Nov-2022,,Phoenix,MGR114,Resigned,,N/A,Remote
EMP1321,Employee 1234,IT,Pune,02-Jul-2023,,Orion,MGR118,Resigned,68%,17,Transferred
EMP1094,Employee 1227,Finance,Pune,2022-04-05,176039.80,Atlas,MGR103,On Leave,98%,N/A,
EMP1983,Employee 1048,R&D,Ahmedabad,27-Jul-2024,80790.06,Mercury,MGR117,Active,75,29,Transferred
EMP1823,Employee 117,Legal,Bengaluru,04/02/2025,"178,420",Zenith,MGR101,On Leave,100%,21,Remote
EMP1344,Employee 350,Finance,Chennai,26/09/2023,92632.34,Zenith,MGR109,Probation,85%,N/A,Remote
EMP1171,Employee 1043,Legal,Delhi,04-Jan-2025,"87,108",Atlas,MGR116,Active,,,Promotion Due
EMP1813,Employee 567,Finance,Mumbai,05/12/2024,"100,848",Zenith,MGR106,On Leave,,6,Contract
EMP1914,Employee 627,HR,Bengaluru,2024-10-13,"₹76,900.08",Mercury,MGR110,Resigned,95,4,Contract
EMP1278,Employee 966,IT,Chennai,2023-08-07,"₹94,673.40",Mercury,MGR107,Resigned,88%,,Transferred
EMP1018,Employee 466,Legal,Ahmedabad,18/12/2024,"150,752",Phoenix,MGR103,On Leave,66%,,Transferred
EMP1716,Employee 420,Legal,Pune,13-Aug-2023,"45,301",Phoenix,MGR114,Resigned,98,,Promotion Due
EMP1652,Employee 318,HR,Ahmedabad,May 18 2022,100505.63,Mercury,MGR111,Resigned,,N/A,Contract
EMP1363,Employee 431,Marketing,Chennai,28-Jun-2023,"32,430",Titan,MGR112,Probation,85,N/A,Promotion Due
EMP1164,Employee 625,IT,Bengaluru,16-Jan-2023,"67,285",Phoenix,MGR108,Probation,81,14,Remote
EMP1914,Employee 562,R&D,Chennai,14-Jun-2023,"₹126,315.70",Atlas,MGR101,On Leave,71,5,Promotion Due
EMP1082,Employee 63,Marketing,Mumbai,15/11/2023,90422.87,Titan,MGR103,Resigned,,25,Promotion Due
EMP1513,Employee 232,Sales,Hyderabad,21-Nov-2023,44825.42,Mercury,MGR110,Active,76%,N/A,
EMP1021,Employee 1269,Operations,Pune,Apr 09 2025,"₹42,117.82",Apollo,MGR117,Probation,,N/A,Remote
EMP1754,Employee 587,Marketing,Ahmedabad,13-Feb-2025,62585.87,Atlas,MGR110,On Leave,99,,Remote
EMP1291,Employee 1283,Marketing,Mumbai,27-Feb-2022,27559.83,Zenith,MGR116,On Leave,,N/A,Transferred
EMP1442,Employee 643,IT,Mumbai,Nov 02 2024,"75,018",Titan,MGR107,Resigned,,12,Promotion Due
EMP1799,Employee 353,HR,Chennai,27/05/2024,"161,474",Nova,MGR111,On Leave,59,,Contract
EMP1906,Employee 121,HR,Mumbai,2022-03-07,"112,781",Nova,MGR112,Resigned,64%,9,Transferred
EMP1236,Employee 896,Marketing,Chennai,Oct 21 2022,"₹159,230.60",Titan,MGR116,On Leave,,,Contract
EMP1273,Employee 376,Legal,Pune,22/10/2022,"59,057",Mercury,MGR112,Resigned,100,24,Transferred
EMP1286,Employee 124,Operations,Delhi,Aug 08 2023,"₹49,380.74",Atlas,MGR119,On Leave,,N/A,Contract
EMP1661,Employee 544,Operations,Hyderabad,Oct 29 2022,,Titan,MGR106,Active,,,Contract
EMP1153,Employee 916,R&D,Chennai,20-Oct-2022,"57,597",Phoenix,MGR101,Resigned,61%,,Transferred
EMP1561,Employee 993,Marketing,Delhi,07-Jan-2024,40638.56,Zenith,MGR119,Active,84%,,Transferred
EMP1447,Employee 1172,Operations,Mumbai,28-Feb-2022,87559.58,Mercury,MGR108,Probation,86%,N/A,Contract
EMP1138,Employee 920,HR,Ahmedabad,04/06/2022,"124,267",Apollo,MGR116,Active,82%,,Remote
EMP1511,Employee 178,IT,Ahmedabad,2022-08-11,"40,008",Titan,MGR105,Probation,59,20,Remote
EMP1945,Employee 705,Marketing,Mumbai,14/06/2023,,Zenith,MGR108,On Leave,63,9,Promotion Due
EMP1828,Employee 400,Legal,Delhi,2022-04-20,"₹136,191.57",Orion,MGR118,On Leave,72%,10,Remote
EMP1531,Employee 1193,Operations,Hyderabad,2023-02-25,"₹54,891.80",Zenith,MGR100,Active,62,N/A,
EMP1952,Employee 205,Sales,Hyderabad,17-Jul-2024,"₹36,292.18",Nova,MGR103,On Leave,93%,,Transferred
EMP1562,Employee 584,Sales,Ahmedabad,Feb 07 2023,,Apollo,MGR112,Active,65%,N/A,Promotion Due
EMP1150,Employee 738,Sales,Chennai,16-Apr-2022,62273.54,Nova,MGR110,Active,82,,Transferred
EMP1294,Employee 710,R&D,Mumbai,02/01/2022,161949.00,Apollo,MGR118,Probation,77,N/A,Transferred
EMP1781,Employee 520,Sales,Ahmedabad,2024-06-28,"₹153,768.27",Orion,MGR115,Probation,96,N/A,Remote
EMP1287,Employee 345,IT,Chennai,06/09/2023,"46,574",Apollo,MGR105,On Leave,,,
EMP1292,Employee 939,Sales,Hyderabad,14-Jul-2022,51747.49,Atlas,MGR103,Probation,96%,,Contract
EMP1551,Employee 988,IT,Hyderabad,27-Aug-2023,57487.40,Phoenix,MGR115,Active,60,,Remote
EMP1988,Employee 655,IT,Delhi,20/04/2022,"92,840",Nova,MGR109,Active,56%,,Contract
EMP1651,Employee 761,Sales,Bengaluru,Jun 27 2023,"₹80,026.17",Titan,MGR115,Probation,,28,
EMP1767,Employee 760,Marketing,Delhi,11/11/2024,"₹63,637.48",Titan,MGR107,On Leave,89,18,Remote
EMP1613,Employee 18,Sales,Hyderabad,22/02/2023,"49,825",Zenith,MGR104,Probation,98%,23,
EMP1744,Employee 295,R&D,Hyderabad,14-Sep-2024,"₹100,887.54",Titan,MGR105,Active,,,Contract
EMP1663,Employee 631,HR,Chennai,2023-02-06,"75,236",Phoenix,MGR115,Resigned,,N/A,Remote
EMP1623,Employee 131,IT,Hyderabad,2025-02-16,137404.56,Atlas,MGR102,Resigned,70%,6,Remote
EMP1877,Employee 129,HR,Ahmedabad,Oct 19 2023,"₹65,224.65",Titan,MGR103,Resigned,,N/A,
EMP1325,Employee 1004,IT,Delhi,Sep 09 2024,"₹100,688.99",Titan,MGR111,Resigned,67,,Transferred
EMP1423,Employee 716,Finance,Delhi,14/02/2023,"₹172,001.07",Phoenix,MGR115,Active,59%,,Remote
EMP1022,Employee 655,HR,Hyderabad,Apr 23 2022,"₹117,290.29",Orion,MGR101,Active,,N/A,Promotion Due
EMP1361,Employee 715,Operations,Ahmedabad,27/06/2024,153134.09,Phoenix,MGR102,On Leave,55%,,Promotion Due
EMP1425,Employee 361,Operations,Bengaluru,2024-03-11,"147,534",Zenith,MGR113,Probation,,N/A,Remote
EMP1179,Employee 184,Legal,Ahmedabad,Nov 25 2023,"117,720",Nova,MGR106,On Leave,96%,,Remote
EMP1168,Employee 419,IT,Ahmedabad,13/03/2024,"150,827",Apollo,MGR106,On Leave,74,,Remote
EMP1035,Employee 153,Sales,Hyderabad,Aug 10 2024,"₹150,478.32",Orion,MGR118,Active,,17,
EMP1434,Employee 1206,Legal,Ahmedabad,2023-12-29,103649.85,Atlas,MGR101,On Leave,77,N/A,Promotion Due
EMP1407,Employee 326,Finance,Chennai,2024-05-01,"49,938",Mercury,MGR105,Resigned,,26,Remote
EMP1739,Employee 237,Finance,Bengaluru,13-Aug-2024,"₹138,153.50",Orion,MGR101,Probation,82,N/A,Remote
EMP1209,Employee 625,IT,Bengaluru,28-Sep-2024,-₹100256.55,Mercury,MGR116,Resigned,73%,8,Transferred
EMP1141,Employee 319,Legal,Hyderabad,May 01 2022,55151.75,Apollo,MGR118,On Leave,78%,23,Contract
EMP1637,Employee 621,HR,Mumbai,29/07/2022,"85,343",Atlas,MGR118,Resigned,59,N/A,
EMP1957,Employee 1084,IT,Delhi,26/05/2022,"₹109,014.48",Zenith,MGR105,On Leave,64%,N/A,Contract
EMP1770,Employee 965,Marketing,Bengaluru,2024-12-02,"₹138,528.02",Titan,MGR107,Probation,87,13,Transferred
EMP1277,Employee 1288,IT,Delhi,21/10/2023,169777.25,Orion,MGR115,Resigned,78,N/A,Contract
EMP1127,Employee 818,Sales,Bengaluru,19-Feb-2024,38258.85,Titan,MGR113,Active,73,2,Promotion Due
EMP1519,Employee 349,Operations,Pune,18-Nov-2024,39545.40,Titan,MGR101,On Leave,61,N/A,Promotion Due
EMP1981,Employee 78,Operations,Bengaluru,07/10/2023,"171,355",Zenith,MGR101,Active,70,1,Contract
EMP1166,Employee 276,Sales,Mumbai,14-Jul-2023,"50,713",Titan,MGR116,Resigned,,N/A,
EMP1149,Employee 542,Finance,Mumbai,26-Aug-2024,"43,645",Mercury,MGR107,On Leave,68,,
EMP1079,Employee 1123,Legal,Mumbai,16/12/2022,178989.15,Zenith,MGR117,Active,98,,Transferred
EMP1457,Employee 41,IT,Chennai,25/06/2024,,Mercury,MGR109,Resigned,70%,N/A,
EMP1419,Employee 76,IT,Mumbai,2023-07-24,"₹147,241.97",Apollo,MGR103,Probation,56,,Promotion Due
EMP1175,Employee 326,Marketing,Ahmedabad,Jul 30 2023,48408.69,Zenith,MGR116,Probation,97%,,Contract
EMP1023,Employee 47,HR,Mumbai,2025-01-25,81152.44,Titan,MGR113,Active,82,,Transferred
EMP1519,Employee 1097,Legal,Hyderabad,Jun 22 2023,69316.13,Nova,MGR108,On Leave,60,18,
EMP1619,Employee 12,Legal,Bengaluru,Nov 08 2023,157677.59,Atlas,MGR101,On Leave,,,Promotion Due
EMP1585,Employee 122,Operations,Pune,21/03/2022,171857.29,Zenith,MGR107,Active,74%,,Promotion Due
EMP1018,Employee 385,HR,Delhi,05-Mar-2023,"104,816",Phoenix,MGR110,On Leave,,21,Remote
EMP1966,Employee 20,Operations,Delhi,04-Jan-2024,144662.87,Orion,MGR102,On Leave,,,Promotion Due
EMP1813,Employee 150,Sales,Mumbai,01/11/2022,"123,491",Atlas,MGR114,On Leave,96%,,Promotion Due
EMP1886,Employee 1120,R&D,Bengaluru,Feb 04 2022,,Titan,MGR102,Probation,,5,Contract
EMP1166,Employee 619,HR,Hyderabad,2022-09-09,"30,784",Phoenix,MGR111,Probation,79%,N/A,Promotion Due
EMP1197,Employee 1259,Sales,Bengaluru,22-Mar-2023,"₹161,955.66",Orion,MGR100,Active,91%,N/A,Remote
EMP1599,Employee 811,Legal,Mumbai,14/07/2023,49849.49,Atlas,MGR116,On Leave,,23,Contract
EMP1091,Employee 568,HR,Pune,09/01/2024,164158.65,Zenith,MGR116,Resigned,89%,,Promotion Due
EMP1723,Employee 957,HR,Ahmedabad,2025-02-25,"164,406",Atlas,MGR115,Active,73%,20,Remote
EMP1304,Employee 400,Operations,Delhi,2023-09-18,"₹95,737.14",Atlas,MGR108,On Leave,83,,Promotion Due
EMP1059,Employee 693,Finance,Delhi,03/12/2022,133135.42,Apollo,MGR117,Active,,N/A,Transferred
EMP1470,Employee 868,Marketing,Pune,Aug 23 2022,"147,462",Zenith,MGR103,On Leave,78,N/A,Transferred
EMP1459,Employee 671,IT,Hyderabad,21-Mar-2025,93944.06,Phoenix,MGR100,On Leave,64,17,Contract
EMP1053,Employee 397,Legal,Mumbai,Apr 26 2024,"₹68,033.64",Orion,MGR112,Active,,3,Remote
EMP1069,Employee 187,Operations,Mumbai,04/04/2024,39888.06,Apollo,MGR101,Active,90%,25,Remote
EMP1190,Employee 1290,Marketing,Delhi,28/02/2022,104315.18,Apollo,MGR109,On Leave,67,30,Transferred
EMP1487,Employee 797,HR,Delhi,2022-03-18,59687.40,Mercury,MGR119,Probation,79,N/A,Transferred
EMP1513,Employee 232,Sales,Hyderabad,21-Nov-2023,44825.42,Mercury,MGR110,Active,76%,N/A,
EMP1917,Employee 1064,Sales,Hyderabad,May 01 2023,139027.76,Orion,MGR118,Active,61,,Promotion Due
EMP1709,Employee 889,Sales,Delhi,10-May-2023,"₹119,925.65",Phoenix,MGR112,Probation,100%,N/A,Remote
EMP1828,Employee 183,Sales,Ahmedabad,03-Sep-2022,"₹83,525.68",Nova,MGR111,Resigned,74,1,Contract
EMP1464,Employee 1111,Legal,Ahmedabad,Apr 02 2024,-₹140750.78,Orion,MGR111,Active,89%,,
EMP1347,Employee 977,Legal,Delhi,14/01/2025,"78,564",Apollo,MGR105,On Leave,81%,N/A,Promotion Due
EMP1442,Employee 257,R&D,Pune,2022-02-26,"85,694",Apollo,MGR101,Resigned,64,N/A,Transferred
EMP1768,Employee 978,HR,Hyderabad,17/02/2024,69122.14,Phoenix,MGR103,Active,,,
EMP1883,Employee 1024,R&D,Bengaluru,03/02/2024,,Zenith,MGR111,Resigned,,22,
EMP1645,Employee 923,R&D,Delhi,2022-03-06,"₹67,525.77",Phoenix,MGR109,On Leave,100,N/A,
EMP1921,Employee 1205,Operations,Pune,30/01/2022,"₹43,685.05",Zenith,MGR115,Resigned,,30,Transferred
EMP1149,Employee 198,Legal,Pune,2023-03-29,80956.80,Zenith,MGR110,Probation,73%,,
EMP1993,Employee 1037,Finance,Ahmedabad,2024-08-27,"47,198",Mercury,MGR109,Probation,,N/A,Transferred
EMP1539,Employee 1276,Sales,Pune,2022-08-04,"123,467",Apollo,MGR110,Resigned,62%,27,Contract
EMP1181,Employee 540,Sales,Hyderabad,Sep 17 2022,"₹145,762.65",Mercury,MGR109,Active,,,Transferred
EMP1761,Employee 207,Marketing,Delhi,06/04/2024,"₹161,636.78",Phoenix,MGR113,Probation,,N/A,
EMP1339,Employee 911,R&D,Hyderabad,05/04/2022,143095.82,Zenith,MGR112,Resigned,78,,Promotion Due
EMP1229,Employee 347,HR,Mumbai,22/01/2025,,Mercury,MGR108,Active,,N/A,Contract
EMP1702,Employee 1086,HR,Hyderabad,10-May-2024,,Zenith,MGR113,Active,,19,Promotion Due
EMP1023,Employee 528,HR,Mumbai,2023-08-26,"₹43,004.23",Atlas,MGR101,Active,69%,N/A,Contract
EMP1102,Employee 716,IT,Delhi,23-May-2022,115254.44,Mercury,MGR105,Active,,13,Promotion Due
EMP1424,Employee 1032,Legal,Chennai,Apr 07 2024,"₹51,318.95",Zenith,MGR108,Resigned,,,
EMP1911,Employee 680,Operations,Bengaluru,14/08/2024,"₹68,381.28",Titan,MGR119,Probation,,N/A,
EMP1229,Employee 1128,R&D,Hyderabad,06/07/2022,"₹175,162.05",Orion,MGR107,On Leave,72,27,Remote
EMP1729,Employee 361,Finance,Chennai,Dec 21 2024,123905.32,Atlas,MGR119,Probation,88%,,Remote
EMP1918,Employee 213,Legal,Pune,Dec 18 2024,"₹74,180.90",Titan,MGR111,Resigned,,10,Transferred
EMP1522,Employee 713,Sales,Hyderabad,17/02/2024,"155,849",Zenith,MGR116,Resigned,,11,Remote
EMP1685,Employee 1104,Legal,Ahmedabad,Jan 24 2023,"₹92,578.47",Atlas,MGR106,On Leave,,N/A,Promotion Due
EMP1746,Employee 24,HR,Bengaluru,15/11/2022,"29,409",Apollo,MGR110,Probation,73,,Contract
EMP1033,Employee 1137,Finance,Hyderabad,2025-03-06,"94,064",Zenith,MGR118,Resigned,88%,N/A,
EMP1520,Employee 253,Finance,Bengaluru,2022-03-28,42713.30,Apollo,MGR109,On Leave,,N/A,
EMP1670,Employee 546,Legal,Pune,Dec 07 2024,67413.38,Apollo,MGR112,Resigned,,23,Promotion Due
EMP1156,Employee 1274,HR,Mumbai,2025-02-09,"₹106,886.55",Mercury,MGR107,Resigned,73,26,Transferred
EMP1401,Employee 287,Finance,Pune,19-May-2024,43030.65,Zenith,MGR103,Active,79,,
EMP1081,Employee 510,Sales,Mumbai,Apr 17 2024,"₹109,666.45",Phoenix,MGR101,Probation,91,,Contract
EMP1390,Employee 616,HR,Pune,25/09/2024,"₹102,519.37",Mercury,MGR107,Resigned,69,,Contract
EMP1098,Employee 620,Legal,Ahmedabad,15/07/2024,164236.75,Nova,MGR118,Active,72%,,Promotion Due
EMP1608,Employee 244,R&D,Chennai,16/07/2024,"102,383",Titan,MGR113,Active,67%,N/A,Remote
EMP1892,Employee 741,Sales,Bengaluru,2023-07-09,"156,947",Zenith,MGR101,Probation,55,N/A,
EMP1429,Employee 563,Legal,Ahmedabad,Sep 20 2022,73224.05,Phoenix,MGR103,On Leave,,,Transferred
EMP1985,Employee 1268,Sales,Hyderabad,26/09/2024,27914.56,Titan,MGR101,Probation,,13,Promotion Due
EMP1908,Employee 456,Legal,Hyderabad,Jul 14 2023,100666.57,Mercury,MGR119,Active,,N/A,
EMP1449,Employee 225,HR,Ahmedabad,Jul 10 2023,125009.79,Phoenix,MGR109,On Leave,,13,Remote
EMP1464,Employee 293,Marketing,Chennai,Aug 02 2024,171948.92,Mercury,MGR111,Active,99,N/A,
EMP1705,Employee 982,Finance,Chennai,Nov 21 2024,95202.71,Nova,MGR115,Resigned,,N/A,Promotion Due
EMP1033,Employee 199,Finance,Mumbai,Aug 23 2023,"162,876",Titan,MGR109,Active,,10,
EMP1963,Employee 749,Finance,Mumbai,17/07/2024,,Mercury,MGR103,Resigned,75%,N/A,Transferred
EMP1168,Employee 301,HR,Bengaluru,2024-03-24,"35,619",Orion,MGR104,Probation,,,Contract
EMP1472,Employee 303,R&D,Chennai,2023-05-24,166060.55,Apollo,MGR101,Active,,N/A,Contract
EMP1297,Employee 859,HR,Delhi,2024-07-08,"₹89,686.32",Phoenix,MGR111,Resigned,57,,
EMP1836,Employee 296,Finance,Mumbai,2023-03-17,85533.24,Nova,MGR110,Resigned,93,,Contract
EMP1315,Employee 968,Legal,Chennai,02/06/2024,76486.83,Atlas,MGR110,On Leave,,N/A,Transferred
EMP1982,Employee 735,R&D,Pune,Apr 01 2025,95651.78,Mercury,MGR107,On Leave,,N/A,Promotion Due
EMP1955,Employee 654,Sales,Ahmedabad,05-Jun-2022,160809.24,Nova,MGR107,On Leave,81,,Contract
EMP1051,Employee 147,Marketing,Mumbai,24-Sep-2022,"₹154,800.34",Orion,MGR118,Resigned,70,,Contract
EMP1375,Employee 1006,R&D,Bengaluru,2023-02-18,30118.87,Titan,MGR109,Probation,89%,22,
EMP1967,Employee 1042,Operations,Mumbai,Mar 25 2025,146675.43,Orion,MGR106,Resigned,,,Transferred
EMP1055,Employee 1270,Finance,Chennai,30/12/2022,157256.45,Phoenix,MGR118,On Leave,,,Contract
EMP1518,Employee 1117,Marketing,Bengaluru,11-Feb-2023,"₹96,955.00",Orion,MGR116,Resigned,,N/A,Promotion Due
EMP1271,Employee 191,IT,Hyderabad,10/08/2023,"₹143,765.37",Zenith,MGR103,On Leave,,,
EMP1456,Employee 513,Sales,Ahmedabad,2024-08-24,"₹141,857.19",Atlas,MGR107,Active,65%,N/A,Remote
EMP1438,Employee 737,IT,Ahmedabad,19-Nov-2022,"92,719",Atlas,MGR107,Active,,N/A,
EMP1433,Employee 501,HR,Pune,May 04 2023,"37,028",Nova,MGR117,On Leave,60,N/A,Promotion Due
EMP1393,Employee 920,IT,Delhi,16/09/2023,"₹48,530.29",Nova,MGR119,Resigned,76,,Promotion Due
EMP1403,Employee 1235,Sales,Chennai,16-Mar-2022,158095.61,Zenith,MGR113,Probation,92,20,Transferred
EMP1216,Employee 646,Marketing,Chennai,04-Jan-2024,"178,117",Phoenix,MGR111,Active,86,N/A,Transferred
EMP1686,Employee 749,Marketing,Mumbai,Jul 20 2024,"₹44,862.47",Nova,MGR113,Probation,,30,
EMP1129,Employee 1165,Sales,Hyderabad,2022-06-30,-₹51543.54,Titan,MGR101,Resigned,63%,,Remote
EMP1868,Employee 73,Marketing,Chennai,16-Dec-2022,"152,184",Mercury,MGR108,On Leave,57,N/A,Remote
EMP1235,Employee 301,IT,Delhi,Aug 02 2023,-₹64897.24,Titan,MGR107,Resigned,,0,Promotion Due
EMP1361,Employee 737,HR,Ahmedabad,2023-04-21,135479.97,Mercury,MGR104,Probation,77%,29,Contract
EMP1029,Employee 1105,R&D,Hyderabad,Mar 27 2023,48995.29,Zenith,MGR113,Probation,71,23,
EMP1287,Employee 859,IT,Delhi,Mar 24 2023,"₹134,515.45",Zenith,MGR110,Resigned,92,,Transferred
EMP1962,Employee 500,Legal,Hyderabad,25-Aug-2024,48707.52,Mercury,MGR103,Resigned,,N/A,Remote
